travel_mode,travel_time_number,age,individual_travel_frequency,household_vehicles,household_size
0,335,19,8,1,2
1,511,67,96,4,6
0,900,29,36,2,3
1,120,47,28,2,3
1,660,40,10,1,4
1,571,42,28,1,10
1,866,18,60,3,5
1,78.65298,49,48,2,2
0,600,23,14,0,2
1,565,31,21,1,2
1,180,48,19,1,2
1,659,78,19,1,2
1,1079.426,34,16,1,2
0,540,37,24,2,3
1,779,48,24,2,3
1,1469.906,57,26,2,5
1,660,20,30,2,4
1,299.926,53,60,3,3
1,385,56,22,2,3
1,99,36,40,2,5
1,250,26,22,1,5
1,1023.728,37,16,1,10
1,960,73,26,2,2
1,3618,64,13,1,2
1,1555,61,7,1,1
1,518,70,18,2,3
0,950,64,11,0,1
1,323.547,28,36,2,3
0,520,64,17,1,2
1,1902,37,16,2,5
0,116,28,12,0,4
1,2797,36,38,2,4
1,2361.149,40,27,3,4
1,1391,61,21,3,6
1,200,27,16,1,5
1,279,77,3,1,2
1,340,50,42,2,4
1,2309,32,42,2,6
1,783,56,35,5,7
1,1331,47,20,2,3
1,900,46,60,3,4
1,2671,42,9,1,2
0,843,35,9,0,1
0,1000,17,6,1,5
1,1380,22,29,1,1
1,200,42,33,1,7
1,1110,24,15,1,1
1,540,41,28,2,5
0,1100,35,3,0,10
0,400,55,13,0,2
1,2097,32,42,2,2
1,250,30,12,1,4
1,265,47,44,2,3
1,345,31,10,2,4
1,173,38,22,2,5
1,240,55,28,2,2
1,240,28,23,1,5
0,204,19,10,0,1
1,749,30,11,1,2
0,338,31,28,2,3
1,5510.549,62,30,2,2
1,3834,62,92,2,2
1,1014.982,63,51,3,3
1,960,36,28,2,5
0,200,25,9,1,3
1,738.501,43,28,2,5
1,2580,59,14,1,2
1,709,67,26,2,4
1,220,31,19,1,6
1,1428,40,9,1,2
1,509.078,42,40,2,4
1,256,48,38,2,5
1,1311,57,16,1,3
1,480,30,20,2,3
1,119,40,60,2,6
1,608.294,35,13,1,4
1,846,49,51,3,4
1,106.899,23,16,1,4
1,359,57,10,2,3
1,93,43,24,2,5
1,692.132,49,52,2,2
1,4678.145,40,22,1,7
1,242,45,34,2,4
1,4684.274,51,32,2,4
0,703,27,6,1,3
1,2629,52,18,3,6
1,1620,64,39,3,5
1,301.164,47,50,2,4
0,360,40,22,0,1
1,360,38,40,2,4
0,462,22,8,0,5
1,1906,31,48,2,3
1,720,47,18,2,4
0,1440,53,30,2,3
0,120,35,52,2,4
0,638,51,14,2,5
1,1549,32,26,2,4
0,247,50,16,2,4
0,180,30,26,1,6
1,1244.175,32,28,2,4
0,540,45,22,2,5
1,1203,69,9,1,1
1,163,34,62,2,3
0,211,33,22,2,4
0,297,63,20,2,2
0,540,39,9,1,4
1,680,48,16,1,1
1,949.159,52,64,2,2
0,1907,60,14,2,2
1,898.949,54,48,3,4
1,1446.041,52,64,2,2
1,958,38,66,2,6
0,544.843,33,13,1,5
1,2625,64,39,3,5
0,381,84,10,1,2
1,100,52,30,2,5
0,600,73,3,0,2
0,109,81,3,0,2
1,936,27,94,2,2
1,1540,64,80,4,2
0,360,37,32,2,4
0,1049,44,27,1,7
0,120,31,24,0,5
1,2343,44,23,1,1
1,3041.035,28,33,3,4
1,170,45,48,2,5
1,580,35,62,2,5
0,300,58,22,2,3
1,286,62,33,3,4
1,129,56,28,2,3
0,600,54,10,0,2
1,1660,47,100,2,2
1,214,49,51,3,1
1,2100,62,12,2,2
1,1544.839,30,14,1,1
0,240,34,52,4,7
1,459,66,26,2,2
1,641,51,25,1,5
0,406,16,20,2,6
1,443.062,43,12,1,3
1,490,57,18,2,4
1,287,44,32,2,5
1,2160,24,24,3,3
1,360,27,20,2,4
1,744,72,20,2,2
1,652,52,42,2,4
0,380,69,25,1,2
1,640,44,33,3,5
1,853.799,38,12,2,4
1,82.99998,37,42,2,5
0,540,43,17,1,3
1,852,43,52,2,4
0,380,66,15,1,2
1,1826,26,30,2,1
1,1350,60,9,1,1
1,764,67,32,2,4
0,295.512,24,7,1,2
1,3600,66,10,2,2
1,76.99998,61,3,1,2
1,200,62,36,2,2
1,2480.816,51,3,1,3
1,600,59,24,2,3
1,320,60,42,2,2
1,380,66,21,3,3
1,895,66,50,2,2
1,980,73,24,2,2
1,1380,41,24,2,5
1,1082.258,43,46,2,4
1,97.01802,40,19,1,3
1,372.153,38,34,2,4
1,630.455,51,18,2,2
1,1020,74,48,3,3
1,2503.983,53,30,2,2
1,342,63,20,1,2
1,1000,58,45,3,3
1,600,42,32,2,5
1,3100,50,52,2,3
1,1827,63,44,2,2
1,200,31,11,1,8
1,184,41,26,2,5
1,2124.166,25,26,2,3
1,1655,37,28,1,3
1,360,48,16,2,5
1,540,39,66,2,5
1,4350,58,78,3,3
1,1459,43,30,2,4
1,1442.079,19,28,2,5
1,515,67,21,1,2
1,2280,38,36,2,3
1,670,39,28,1,1
0,900,34,13,0,2
1,300,46,18,1,5
1,1261,45,20,1,4
0,82.00002,32,50,2,3
1,1498,59,24,3,4
0,1407,84,5,1,2
1,1297,42,14,2,4
1,720,71,38,2,3
0,1745,38,7,0,4
1,1166,26,5,1,1
1,179,62,15,1,2
1,1650,55,24,2,2
0,162,77,21,1,2
0,287,40,26,2,5
1,1500,50,12,2,2
1,1699,55,40,2,6
1,386,23,63,3,6
1,525,61,32,2,2
1,420,67,30,2,2
1,2574,28,10,1,1
1,1931,50,44,2,3
1,169,26,22,1,5
1,1453,49,27,3,6
0,443.986,44,18,1,4
1,200,71,60,2,4
1,867,36,22,2,4
1,673,71,17,1,1
1,350,28,58,2,4
1,360,43,32,2,4
1,501,30,20,2,4
1,900,31,19,1,4
1,600,45,30,2,3
1,4141.03,52,30,2,4
1,4260,49,20,0,6
1,480,30,36,4,5
0,588,38,18,2,5
1,217,49,36,2,2
1,240,58,21,1,2
1,300,35,10,1,6
1,600,32,14,1,6
1,170,46,36,2,5
1,300,41,20,2,4
0,324,34,13,0,9
1,1697,43,10,2,2
1,2100,51,32,2,5
1,1743,58,33,3,5
1,600,39,14,2,5
1,2100,35,3,1,5
1,160,44,60,3,6
0,4216,20,25,0,1
1,150,43,36,3,4
1,625.8,52,12,1,2
1,670,60,14,2,2
0,1666.664,58,32,2,3
1,863.506,46,54,3,5
1,468.441,53,22,2,2
1,1400,66,21,3,3
1,660,56,16,1,1
0,300,68,10,1,2
1,653,37,88,4,4
1,660,63,12,2,6
1,1166,41,30,2,4
0,1400,37,38,2,4
0,2288,29,14,0,1
1,1109,42,30,2,7
1,2160,39,30,2,4
1,720,36,58,2,8
1,673,76,8,2,2
1,227,47,42,3,6
1,448,29,86,2,4
1,1500,60,12,2,3
1,1120.486,67,23,1,2
1,305,88,10,1,2
1,1620,22,24,4,4
1,2300,30,26,2,4
1,600,29,20,2,6
0,215,34,19,1,4
1,4594,60,6,2,2
1,781,55,32,2,3
0,1200,17,6,1,6
1,2354,44,24,2,4
1,839,41,24,2,4
1,3375,25,11,1,1
1,1085,52,36,2,3
1,4101,28,16,2,3
1,780,53,80,2,3
1,2457,60,12,1,2
0,750,33,34,2,3
0,368,48,34,2,5
1,4141.03,52,30,2,4
1,1883,32,6,2,3
1,384.236,53,16,2,3
1,1696,40,9,1,6
0,589,40,22,1,4
1,154,62,33,3,3
1,2836,65,54,2,2
1,1448.223,57,12,1,2
1,2823,39,48,2,4
0,960,16,12,2,5
1,597,64,6,2,3
1,675.914,42,36,2,5
1,1160.486,49,116,4,5
1,540,30,11,1,6
1,522,39,16,2,5
1,3372.295,45,12,2,4
1,1020,40,34,2,4
1,1158,54,12,2,3
1,480,49,16,2,4
1,1804,36,36,2,4
1,1374.337,63,51,3,3
1,240,34,60,2,5
1,450,69,11,1,2
1,1875,60,12,1,1
0,590,32,19,1,3
1,148.055,56,17,1,2
1,1720,66,10,1,2
1,241.01,58,34,2,2
1,1140,32,9,1,2
1,176.98,52,11,1,2
0,319.99998,39,11,1,5
1,3274.268,55,55,5,4
1,2458,36,12,1,5
0,25.99998,40,4,0,1
0,642.465,45,21,1,4
0,950,36,8,1,5
1,1800,56,16,2,2
0,592,20,3,0,1
1,1464,33,18,1,1
1,422,24,15,1,1
1,239,36,10,1,5
1,522,24,15,3,4
0,421,23,17,0,4
1,431.708,42,23,1,1
1,1200,25,35,1,2
1,439,48,23,1,2
1,1841.06406,60,28,2,4
1,172.153,64,27,1,2
0,240,70,24,0,2
0,300,52,14,0,9
0,1320,64,38,2,4
1,1223.247,45,38,2,4
1,909,37,28,2,4
1,1906.505,41,72,2,6
1,1194.751,30,11,1,3
1,300,65,18,3,3
0,293,43,20,2,3
1,2183.306,52,28,2,3
0,19.99998,57,24,2,4
1,710.583,47,9,1,5
1,673,42,30,3,7
1,2160,24,24,3,3
1,157,44,60,2,4
1,1245,34,30,1,5
1,875,48,34,2,5
0,934,31,32,2,2
1,2201,54,14,2,3
1,495.036,54,24,2,4
0,1080,23,5,0,1
0,666,67,18,1,2
1,985.9999,48,24,2,3
0,782,26,5,1,2
1,1261,65,32,2,3
0,250,24,13,0,2
1,3300,34,13,1,3
1,723,56,69,3,3
1,640.625,43,36,2,4
1,650,34,42,2,4
1,1099,71,24,2,2
1,335.789,42,13,1,3
1,1740,37,26,2,4
1,2446,46,16,2,5
1,1832,33,32,2,4
1,1150,27,19,1,3
1,799,61,30,3,3
0,360,37,27,3,2
1,226,42,28,2,9
1,550,66,26,2,2
1,722,53,78,2,3
1,364,22,10,2,5
1,678.659,43,44,2,5
1,415,51,60,3,5
0,1920,32,12,1,3
0,550,50,8,0,8
1,420,35,38,2,6
1,3007.818,38,18,2,5
1,544.069,26,22,2,4
1,900,23,24,3,3
1,1350,47,22,2,5
1,284,60,56,2,5
1,534,43,24,2,5
1,2086.786,37,46,2,4
1,420,53,9,1,4
1,335,43,10,2,5
1,1664.093,26,16,2,2
1,807,37,44,2,5
1,3855,57,24,2,4
1,392,78,6,1,2
1,851,44,24,2,5
1,286.377,56,45,3,3
1,468.965,23,78,3,4
1,941.304,73,24,2,2
1,2300,53,22,2,3
1,2068.522,43,48,2,6
0,180,20,20,2,5
1,733.173,49,26,2,2
1,432,63,16,2,2
1,72,53,24,4,3
1,278,66,24,3,3
1,600,75,18,1,3
0,565.514,43,22,1,4
1,1860,38,42,2,4
1,167.49,41,72,2,6
0,300,42,22,2,5
1,150,46,54,3,6
1,1215.378,50,9,1,1
1,1063,63,48,3,3
1,845,56,42,2,3
1,354,63,20,2,2
1,882.795,42,56,2,7
1,770,45,20,2,4
0,687,24,16,0,1
1,240,45,36,2,4
1,600,34,28,1,4
1,483,40,34,2,5
1,1301,21,63,3,3
1,291,56,28,2,2
1,1380,17,84,3,6
1,850,67,30,2,2
1,1044,45,26,2,6
1,500,40,23,1,5
1,1580.541,63,9,1,2
1,500.1,38,34,2,4
0,360,32,38,2,5
1,519.805,39,36,2,5
1,120,29,25,5,7
1,1063,32,20,2,3
1,1999,73,22,1,2
1,1261,30,40,1,4
1,780,39,9,1,4
1,722,24,72,2,3
1,1750,39,16,2,1
0,402,37,20,2,4
1,360,43,24,2,5
1,182,32,13,1,1
0,660,67,18,1,2
1,600,18,64,4,5
0,141,68,21,1,2
1,700,44,50,2,7
0,854,18,14,2,4
1,2094,45,82,2,1
0,1200,36,3,1,3
1,222,32,24,2,3
1,186.941,41,42,2,4
1,732,59,16,1,2
1,575,64,32,2,2
1,83.178,39,32,2,5
1,242.66,18,66,3,4
0,11260,65,22,1,2
1,369,29,7,1,2
1,1357,20,30,2,4
1,103.508,32,48,1,5
1,350,60,14,2,2
1,275,46,14,2,4
1,1650,58,18,2,4
1,660,35,30,2,5
1,1920,36,16,1,2
1,1065.042,56,30,2,2
0,933,35,13,1,3
0,450,32,30,2,2
1,988.0049,60,38,2,2
1,1619,42,66,2,4
1,270.94,49,24,2,4
1,312,28,34,1,5
1,391.428,23,42,3,5
0,580,27,19,0,6
1,840,32,27,1,3
1,3401,48,20,2,4
1,407,36,22,2,6
1,300,33,40,2,6
1,129,39,12,2,4
1,2563,52,36,2,5
1,208,33,27,1,4
1,145.48,37,54,2,4
1,3000,53,28,2,3
1,19.99998,69,48,1,3
1,1100,29,16,2,2
1,601.2,22,39,1,1
1,353,42,14,2,5
1,1497.014,59,12,2,2
1,950,32,13,1,1
0,417.052,53,12,1,2
0,300,30,26,1,6
1,2533,59,48,2,3
1,1100,72,36,2,2
0,1080,76,4,0,4
1,1053.895,38,30,3,5
1,2700,22,60,3,3
1,617.589,33,32,2,5
1,365,52,42,2,5
1,1269.291,42,12,2,2
0,820,31,29,0,8
0,1920,17,12,2,3
1,3540,59,26,2,2
1,720,45,18,2,5
0,878,25,7,0,1
1,180,25,12,3,5
0,533,54,6,1,3
1,2012.98,58,50,2,2
1,1197,59,48,2,3
1,547.985,46,39,3,5
1,1050,39,44,2,4
1,1098.124,46,32,2,4
1,390.734,53,16,1,2
1,4100,43,12,2,3
1,1483,65,20,2,2
1,1522,49,15,1,4
1,3326,60,24,2,4
1,120,37,17,1,1
1,232,40,32,2,7
0,417,50,30,2,6
1,407,70,8,1,2
0,1540,21,8,1,3
0,170,46,42,2,2
0,2078.679,22,54,3,4
0,87,18,4,0,7
1,1055,37,16,1,4
1,1320,74,16,2,2
1,408,48,182,7,5
0,150,25,14,0,3
1,833.18,37,36,2,6
1,1870,45,74,2,5
1,512,71,6,1,2
1,142,43,14,1,2
1,780,37,36,2,4
1,171.261,36,36,2,4
1,660,61,28,2,3
1,706.014,48,28,2,6
0,2700,67,18,1,2
0,300,75,6,0,1
1,3676.54,40,6,2,5
1,218,29,6,2,2
1,2180,48,30,2,3
1,1600,42,46,2,10
1,700,75,12,1,1
1,479,60,56,2,5
0,260,43,7,1,11
1,146,59,26,1,1
1,3339.411,29,18,1,5
1,1741.413,46,36,2,4
1,552.866,40,46,2,7
1,310,52,20,2,3
0,350,33,11,0,8
0,551,26,3,0,3
1,1797.287,53,30,2,2
1,1417,50,26,2,3
1,240,26,28,2,4
1,2100,69,16,4,2
1,2350,28,34,2,2
1,960,22,44,1,1
0,1474,34,48,2,6
1,2269,49,20,2,2
0,219,55,18,2,6
1,213,43,32,2,4
1,803,36,38,2,4
1,980,62,42,3,3
1,759.933,75,17,1,2
0,462,60,24,2,3
0,480,38,20,0,9
1,1100,60,120,3,3
1,1350,58,18,2,3
1,480,46,36,2,5
1,789,62,92,2,2
0,328,16,22,2,5
0,296,27,21,0,4
1,100,51,50,2,3
1,1369,27,11,1,5
0,300,39,14,0,12
0,180,50,32,2,4
1,450,25,26,2,2
1,1400,46,12,2,6
1,1058.004,60,50,2,4
1,2760,72,18,3,3
1,468,37,42,2,5
0,600,40,23,1,4
1,2549.647,42,26,2,4
1,251,54,90,3,5
1,473,40,17,1,1
1,540,56,34,2,5
1,427,43,30,2,5
1,1701.694,23,24,3,3
0,60,42,17,1,7
1,612,49,60,2,4
1,1533.661,54,75,3,5
1,600,56,13,1,3
1,142,55,26,2,1
1,420,61,27,3,4
1,298,42,90,3,7
1,250,41,16,2,4
1,326,36,12,1,1
0,320,75,14,1,2
1,2008,62,48,3,4
1,382.498,59,50,2,3
1,240,44,44,2,7
1,3204,54,26,2,3
1,702.678,57,51,3,5
0,15,23,11,0,5
1,699,40,12,2,2
1,1250,46,16,2,4
0,600,35,13,1,1
1,550,47,20,2,5
0,1005,62,21,1,2
1,450,60,12,1,2
1,1355,25,32,2,5
1,3620,68,26,2,3
1,720.867,24,69,3,11
1,94.00002,48,42,2,4
1,1093,56,46,2,5
1,2467,45,22,2,5
1,860.954,56,42,3,3
1,2300,64,120,3,4
1,1817,27,12,2,5
1,272.16798,52,69,3,6
1,1236.591,45,30,2,3
1,2838,43,36,4,3
1,1500,36,18,2,4
1,1082,59,11,1,2
1,1041,32,9,1,5
1,981,40,24,1,3
1,350,47,28,2,4
1,300,40,34,2,4
1,1489,72,8,1,2
1,2300,70,30,3,4
1,750,58,8,1,1
1,1029,37,20,2,4
0,1083,94,6,0,3
1,2717,24,19,1,1
1,1561,65,17,1,1
1,1219,26,22,1,1
1,1037,60,32,2,2
1,504.481,48,24,2,4
1,3990.482,28,8,1,2
1,1618,25,32,2,4
0,361,44,42,2,4
0,360,26,17,0,6
0,580,33,18,1,4
1,43.00002,30,18,2,4
1,1563,39,18,1,4
1,350.353,27,23,1,4
1,589,55,12,1,1
1,3453,31,8,2,2
1,3841.545,36,78,6,8
1,180,26,48,2,7
1,4929.897,73,28,2,3
1,260,57,22,2,2
0,400.279,33,11,1,1
0,43.00002,63,32,2,2
1,700,45,44,2,6
1,1332,29,18,2,4
1,1664,40,20,1,3
1,240,17,57,3,5
1,515,70,18,2,2
1,180.262,26,46,1,1
0,480,25,6,1,2
0,600,79,12,1,1
0,173,45,28,2,5
0,945,25,22,0,4
1,300,37,44,2,4
1,1020,52,60,3,2
1,860,38,14,1,8
1,2324,48,12,2,5
1,420,34,64,2,2
0,300,64,8,0,2
1,557,42,40,2,5
0,120,49,16,2,5
1,215.003,59,54,3,3
1,1620,22,24,3,6
0,318,60,9,1,1
1,1315.097,47,21,1,3
1,200,23,42,2,3
0,684,25,9,0,1
1,383.068,36,78,6,8
1,363.979,23,63,3,4
1,657,27,94,2,2
1,350,46,16,2,4
1,2220,43,5,1,3
1,2341,66,30,2,2
1,4756,48,44,2,2
1,2040,30,6,2,2
0,360,59,4,1,2
1,10264,55,8,2,3
1,200,45,24,1,4
1,1140,23,30,3,5
1,1400,66,21,3,3
1,495,36,40,2,4
1,840,64,12,2,2
1,210,45,31,1,1
1,240,30,14,2,5
0,589.829,16,39,1,6
1,1659.678,43,26,2,6
1,1916.34,40,28,2,4
1,1006,67,40,2,2
1,3694,53,12,3,4
0,679.356,65,40,2,3
1,548,45,68,2,5
1,660,40,42,3,4
1,432.907,49,29,1,4
1,149,29,70,2,4
1,323,32,16,2,2
1,689,42,30,2,5
1,1682.907,40,46,2,7
0,300,48,17,1,4
1,366,72,22,2,3
1,289,36,38,2,5
0,1020,42,7,0,5
1,1200,59,14,2,2
0,1034,65,15,3,2
1,2360,44,34,2,4
1,1705,61,12,1,1
1,872,36,22,2,3
1,120,60,30,2,4
0,900,42,32,2,7
1,327,25,17,1,6
1,1940.043,64,11,1,2
1,2150,27,40,2,5
0,300,59,28,2,5
1,2257,65,16,2,2
1,1020,70,44,4,4
1,748.518,23,48,3,3
1,414.934,50,36,2,4
1,186,44,12,2,7
1,7200,51,14,1,3
1,308,25,54,0,1
0,780,58,20,2,2
1,926,23,22,2,3
1,276,53,78,2,3
1,660,38,24,2,7
1,2700,55,21,3,4
1,266,36,40,2,4
0,320,42,6,1,5
1,3101.768,27,72,2,3
1,1761,48,42,2,5
1,1140,61,24,2,3
1,1500,48,10,2,3
1,1741,29,36,3,3
1,768.666,38,25,1,4
1,300,57,32,2,2
0,600,67,4,1,2
1,250,26,11,1,2
1,538,36,38,2,6
1,541,48,20,1,1
0,360,43,30,2,4
1,1226,38,19,1,6
1,1350,37,14,2,2
1,150,47,42,2,6
1,4209.897,50,24,3,5
1,499.793,42,32,2,5
1,833,48,36,2,5
0,240,34,52,4,7
1,240,40,27,3,5
0,717.151,25,42,3,6
1,200,43,36,2,4
0,288.67,44,86,2,4
1,492.838,31,36,2,4
0,197,35,28,2,3
1,4822.324,32,42,2,4
1,808,50,44,2,4
1,697.47,28,32,2,1
0,300,35,16,2,2
1,2400,59,22,2,4
1,240,41,50,2,7
1,2900,52,26,2,4
1,180,43,16,2,6
1,660,53,22,2,4
0,219,55,18,2,6
0,540,26,12,2,4
1,128,67,46,2,2
1,2351,53,36,4,4
1,420,46,30,2,4
0,752,69,18,1,3
1,110.376,33,18,2,4
0,1188.944,42,12,1,5
1,1162,55,18,2,4
1,1348.466,56,39,3,4
1,1200,44,44,2,5
1,5580,47,12,2,5
1,480,40,28,2,4
1,700,44,18,1,1
1,200,39,42,1,4
1,780,55,20,2,4
0,168,32,12,2,3
0,279,57,32,2,3
1,1477,30,11,1,3
1,2385,24,22,2,2
1,435.9,52,28,2,3
1,2334.014,54,46,2,4
1,367.033,47,32,2,5
1,273,46,106,2,4
1,400,60,120,3,3
1,2353.98192,50,34,2,4
1,1000,40,23,1,5
1,434.482,35,16,2,6
1,209,58,40,2,2
0,364,50,40,4,4
1,1018,48,42,2,4
0,900,17,12,2,5
1,780,31,30,1,8
1,634,38,20,2,1
1,300,40,26,2,4
1,565,26,27,3,3
1,670.445,54,16,2,3
1,1235,38,20,2,5
1,751,61,24,3,2
1,465,55,12,1,2
0,105.057,43,28,2,5
1,300,53,18,2,3
1,660,43,34,2,5
1,500,45,14,1,5
1,400,79,16,1,1
1,2520,60,10,2,2
1,576.589,36,26,1,4
1,1644,45,52,2,4
1,275.54,52,45,3,4
1,493,42,18,2,3
1,650,83,13,1,2
1,1320,30,12,2,2
1,720,41,22,2,4
0,600,36,20,2,6
0,215,56,42,2,3
1,3415,41,19,1,5
1,1148,33,28,2,2
1,540,38,28,2,5
1,2120,56,28,2,4
0,384,41,17,1,5
0,480,57,22,2,2
1,300,82,19,1,1
1,1156,37,22,2,5
1,750,66,26,2,2
0,7622,18,26,2,4
1,88.99998,45,32,1,6
1,923,49,36,3,3
0,93,41,6,1,4
1,252.817,22,54,3,4
1,1200,40,32,2,4
1,980,60,16,2,2
1,466,41,28,2,4
1,850,31,9,1,1
0,129,28,19,1,1
1,174,44,24,2,5
1,1832.597,49,60,3,5
1,600,69,8,1,2
1,360,36,38,2,6
0,229,58,30,2,3
1,468.651,32,108,3,3
0,126,26,12,1,1
1,5100,28,8,1,3
1,1500,53,18,2,2
1,4972,39,38,2,6
1,4315,36,14,2,4
1,660,58,33,3,6
1,322.244,39,32,2,5
0,500,36,18,0,10
0,127,37,26,2,3
1,800,51,28,2,2
1,1111.74,60,12,2,2
1,340,47,40,2,5
0,1094.699,23,36,3,4
1,1217.121,27,90,3,11
1,300,39,16,2,5
0,732,58,9,1,2
1,1228,33,18,2,3
0,1323.051,27,11,0,2
1,1571.593,52,64,4,6
1,433,45,74,2,5
1,461,53,36,3,5
1,336,41,23,1,6
1,2817.488,45,12,1,5
1,27,32,76,2,2
1,360,40,25,1,3
1,998.515,37,54,2,4
1,3100,43,50,2,5
1,5892,60,40,1,1
1,721,68,22,2,2
1,900,71,22,1,2
1,761,53,18,2,2
1,21.72312,41,17,1,6
1,140,72,46,2,2
1,304,27,20,4,4
1,317,60,13,1,5
0,300,34,13,0,7
1,1259,62,36,3,3
0,2189,23,7,0,4
1,2160,54,9,3,5
1,451,57,12,1,2
1,720,65,18,2,2
1,239,56,32,2,2
0,942,44,14,1,1
0,384,29,60,4,8
1,2100,38,6,2,4
0,900,46,15,1,4
1,900,60,33,3,3
0,840,70,8,1,2
1,900,56,20,1,3
1,82.00002,26,19,1,1
0,127,25,10,0,1
1,1169.709,48,12,1,4
1,1333,82,10,1,2
1,250,39,26,2,6
0,1200,59,10,1,3
1,1140,45,18,2,8
0,270,75,10,0,1
1,3420,76,22,2,2
0,900,47,21,0,1
1,400,41,74,2,5
0,240,51,12,0,1
1,245.572,37,54,2,4
0,859.888,64,44,2,2
1,1059,49,60,2,4
1,4964,40,12,2,5
1,2580,56,12,2,4
1,2417.341,50,22,2,3
1,2534.596,47,23,1,5
1,316,44,33,3,5
1,6980,43,34,2,5
1,2290,46,42,2,2
1,1900,42,22,2,6
1,595,36,38,2,4
1,1901,33,40,2,4
1,2000,31,41,1,5
0,719,30,13,1,6
1,951,39,9,1,4
1,232.233,38,44,2,5
1,660,48,20,1,7
1,1700,76,24,1,2
0,121,52,7,1,3
1,800,28,13,1,6
1,658,42,20,2,4
1,556.607,40,28,1,6
1,214.888,58,42,2,4
0,638,70,30,2,3
1,1350,57,27,1,2
1,1750,37,10,2,3
1,463,48,20,2,5
0,300,42,32,4,5
1,1150,46,22,2,10
1,6,38,22,2,4
0,180,48,19,1,2
1,2160,70,18,2,4
1,1380,43,13,1,6
1,2037.494,19,21,1,6
1,1122,34,10,2,3
0,386,69,16,4,2
1,740,39,29,1,5
1,3900,42,46,2,6
1,2478,31,24,2,3
1,300,43,32,2,4
0,714,44,5,1,4
1,1740,50,8,2,5
1,60,80,48,2,2
1,209,58,24,2,3
1,212,38,20,2,5
1,1234,62,48,3,3
1,60,40,12,2,6
0,545,22,8,0,1
1,1877,18,21,3,3
0,42.38298,35,20,2,4
0,360,42,8,0,7
1,1360,35,29,1,5
1,273,48,182,7,5
1,360,46,30,2,4
1,2934.314,35,26,2,5
1,180,39,21,1,5
0,1318,29,24,2,2
1,550,29,38,2,2
1,729,60,33,3,4
0,1077.867,42,27,1,4
1,1500,28,24,4,4
0,260,52,12,0,3
1,3174,50,96,4,5
1,1228,50,50,2,4
1,700,68,18,2,2
0,137,21,10,0,1
1,464,67,20,2,2
1,1318,46,10,2,5
0,300,50,12,0,8
1,2540,70,40,2,3
1,1284,40,20,2,5
1,1500,65,5,1,2
1,600,30,14,1,3
0,1062,21,7,0,1
1,91.00002,72,6,1,2
0,540,85,3,0,2
1,2540,20,16,2,3
1,600,67,14,2,2
1,764,45,28,2,5
1,821,48,20,2,5
1,922,38,5,1,4
0,720.09,66,15,1,2
0,291.973,20,11,1,2
1,173,41,15,1,4
1,660,66,13,1,2
1,322.776,50,40,2,2
1,692,52,22,2,4
1,855,47,24,2,3
1,4920,38,20,2,5
1,2513.962,44,12,2,3
0,444.65,42,32,2,2
1,1692.672,45,66,2,5
1,400,40,12,1,5
0,96,52,39,3,5
1,174.767,45,60,3,5
1,258.318,22,26,2,5
0,500.691,20,8,1,5
1,365,50,16,2,2
0,395,28,19,1,1
0,600,29,34,2,4
0,420,65,42,3,7
1,1140,47,8,1,4
1,655.996,50,34,2,4
1,60,38,14,1,4
1,360,39,32,2,7
1,382,53,57,3,7
1,231.028,22,48,3,3
1,287.216,52,22,2,4
1,3517,52,38,2,3
0,560,20,5,0,5
1,960,35,62,0,7
0,149,29,12,0,8
1,709,40,28,2,5
0,191,26,30,0,5
1,931,50,26,2,4
1,1755,53,16,2,2
0,720,31,16,1,2
1,650,34,80,4,7
1,250,31,27,1,5
1,3000,46,33,3,4
1,360,42,78,3,5
1,1080,35,17,1,4
1,221,44,20,2,4
1,858,45,24,1,4
1,2800,66,28,2,2
1,496.005,38,46,2,4
1,2133.892,53,28,2,3
1,540,43,9,1,4
1,1244,23,8,1,3
1,2426,67,26,2,4
1,1284,20,26,2,3
1,697,73,5,1,2
1,2370,44,66,2,6
1,1631,42,12,1,1
1,620,67,14,2,2
1,1020,37,26,1,5
1,240,24,11,1,3
1,169,50,12,2,6
1,800,24,17,1,4
1,157.997,38,9,1,2
0,174,58,7,0,2
0,1269,21,10,0,1
1,250,76,12,1,2
1,6780,35,20,2,4
1,1292,50,6,2,3
1,1694,42,90,3,7
1,3600,75,14,1,2
1,1897,64,26,2,2
1,2550,50,28,4,4
1,1021,48,34,2,5
1,2542,56,22,2,3
0,287.61,18,36,2,7
1,1345,25,8,1,2
1,1680,51,32,2,4
0,89.14398,34,11,1,3
1,124.806,47,78,3,5
1,249.888,35,38,2,5
0,127,40,20,2,6
1,750,60,120,3,3
1,1200,47,6,1,5
1,3000,38,12,2,5
1,487,49,7,1,3
1,1970,63,50,2,2
1,485,41,18,2,5
0,660,42,10,1,10
0,245,68,14,2,2
1,1863,43,32,2,4
1,461,36,18,2,4
1,1759.565,64,23,1,2
1,150,49,23,1,7
1,520,37,30,2,6
1,300,65,42,2,2
0,296,16,15,1,5
1,1440,52,48,2,4
1,2193.298,19,21,1,6
1,819,20,32,2,2
1,2100,42,33,3,3
1,185,37,34,2,5
1,634.973,58,44,2,2
1,3665,32,30,2,2
0,400,52,13,1,1
0,240,60,24,1,3
1,606,47,26,2,4
1,453,37,30,2,4
1,1260,43,12,2,6
1,176,43,16,2,6
1,823,63,50,2,2
1,5166.199,54,64,4,4
1,542,49,40,2,3
0,1254.004,31,9,0,2
1,1195,45,16,2,2
1,990,38,22,2,4
0,191,35,13,1,4
1,421.334,23,78,3,4
1,1200,57,26,2,2
0,372,41,11,1,5
1,4679,23,26,1,1
1,300,25,15,1,4
0,300,36,21,1,3
1,361,41,13,1,6
1,1550,41,28,2,4
1,259.924,40,40,2,4
1,875.78,42,45,3,5
1,300,31,18,2,2
1,282.499,26,66,3,4
1,763.626,46,39,3,5
1,172,56,50,2,3
1,1320,40,50,2,5
1,1232,45,30,2,5
1,360,47,34,2,3
1,300,51,22,2,5
1,3660,23,24,3,5
1,964.0001,45,24,1,4
1,1734,21,24,3,5
1,1800,47,8,1,3
1,897.672,38,30,3,5
0,429,34,18,1,4
1,240,26,17,1,3
1,1819,66,5,1,2
1,1073,47,44,1,2
1,1137,36,16,1,7
1,1832,50,26,2,3
1,120,41,28,2,4
0,745.467,24,10,0,1
1,255,35,42,3,3
0,739,22,6,1,7
0,60,36,38,2,4
0,275.147,32,13,0,2
1,167.256,55,13,1,2
1,300,41,20,2,4
0,514,73,42,2,4
0,783.065,63,34,2,2
1,1098,59,9,1,2
1,603,66,14,1,1
1,480,48,30,3,6
1,286,56,69,3,3
1,1680,52,12,2,5
1,840,51,32,2,2
1,728,40,26,2,5
1,279.459,49,27,3,4
1,559.339,27,90,3,11
1,1020.891,62,60,1,2
1,840,38,4,1,4
1,91.00002,30,24,2,4
1,79.99998,44,30,2,5
1,5167,39,40,2,4
1,704.005,71,22,1,2
1,561.284,65,22,2,2
1,1850,68,12,1,2
1,3268.887,67,36,3,3
1,2502.794,56,38,2,2
1,987.0001,36,44,1,5
0,1100,17,16,2,4
1,699.017,18,60,3,5
0,64.99998,22,51,3,4
1,60,49,22,2,4
0,660,33,34,2,3
1,360,52,16,1,4
1,676,34,15,1,6
1,559,52,66,2,4
1,328,80,14,2,3
0,1044,46,15,1,3
1,1350,31,30,1,8
1,376,27,11,1,1
1,137,35,26,2,4
0,800,36,17,0,6
0,463,60,11,1,2
1,681,39,28,1,1
1,2076,51,68,4,4
1,1150,46,28,2,5
1,1054,67,8,1,1
1,1740,52,33,3,3
1,496,52,16,2,3
0,660,26,29,0,5
1,1394.062,59,12,1,2
1,744,30,20,2,3
1,942,53,18,2,2
1,3880,38,28,1,2
0,934.729,36,20,1,3
1,311.359,85,11,1,3
1,1841.575,24,30,2,4
1,300,38,20,1,5
1,4540.293,47,28,2,4
1,540,71,15,1,2
1,683,37,28,1,3
1,420,24,52,2,4
0,300,67,38,2,2
1,1200,63,18,2,2
1,1114,74,10,1,2
1,197.13,37,38,2,3
1,1084,57,30,2,2
1,3000,48,16,1,2
1,180,43,22,2,5
1,660,39,31,1,3
1,2900,26,112,4,4
1,900,74,14,1,2
1,855,47,24,2,3
1,1020,69,18,1,2
1,600,42,92,4,4
1,1901,35,15,1,3
1,2180,53,24,3,1
0,463,60,14,0,2
1,1200.223,62,16,1,1
1,769,30,32,2,3
0,625,36,30,2,2
0,812,29,9,1,1
1,660.495,65,24,2,3
0,444,45,9,0,7
1,2703,38,30,2,5
1,1221.366,44,62,2,4
1,635,50,11,1,5
1,191,32,26,2,4
1,24601,31,64,4,4
1,1467,75,8,1,1
0,42,27,70,2,2
0,154,51,20,2,2
1,584,53,36,4,4
0,480,19,4,1,13
1,150,40,12,2,2
1,900,70,39,3,3
0,308,66,16,0,1
1,196.47102,47,26,1,4
1,150,52,33,3,2
1,950,43,36,3,4
1,129.712,30,22,2,5
1,2947,42,90,2,5
1,677,28,22,2,3
0,720,62,5,1,2
1,585,24,52,2,4
1,193,50,30,2,4
1,93,42,26,2,5
1,900,42,46,2,6
0,334.269,54,14,0,1
1,1326.121,72,30,2,2
1,206.06,57,87,3,6
1,1600,38,37,1,5
1,1149.422,49,26,2,5
1,306.063,47,21,3,5
1,660,65,11,1,2
0,1200,29,3,1,4
1,433.784,50,40,4,5
1,2400,35,9,1,6
1,2400,55,30,3,3
1,631.182,32,34,2,4
1,900,70,12,2,3
1,900,62,24,2,3
1,570,42,78,3,5
1,1560,43,42,2,4
1,66.48,31,48,2,4
1,1100,31,34,2,3
1,180,39,40,2,6
0,550,44,16,1,7
0,853,16,10,1,4
1,3335,52,46,2,3
1,989.859,28,32,2,1
1,6199,36,22,2,5
1,1680,43,22,2,5
1,145.284,32,19,1,5
1,693,34,26,2,4
1,180,40,24,2,4
1,1680,57,72,4,2
1,3228.349,56,33,3,3
0,829,31,17,1,3
1,1800,32,12,2,2
1,665,27,28,2,2
1,1554.731,25,88,4,4
1,2060,25,20,2,2
1,3169,33,190,5,3
1,390,41,74,2,5
0,299,58,9,0,3
1,720,41,18,1,4
0,815.156,57,28,2,2
1,2284,52,16,2,2
0,700,28,19,0,4
1,512.394,63,52,2,2
1,1500,65,14,2,2
0,120,74,11,1,2
0,300,41,54,2,6
1,420,43,30,2,6
1,3350,28,58,2,4
1,124,42,32,2,4
1,566,56,14,2,5
0,240,39,14,0,12
1,330,40,60,2,6
0,300,80,14,1,2
1,2220,62,12,2,4
0,150,38,18,0,9
1,900,24,18,2,5
1,579.645,29,38,2,4
0,1873,31,28,2,3
1,379,44,28,2,5
1,651.876,40,40,2,4
1,720,38,40,2,7
1,633.959,23,42,3,5
1,240,51,24,2,3
1,1503,59,68,2,4
1,1096.004,52,32,2,4
0,305.925,16,30,2,5
1,1800,51,24,2,2
1,2912.428,28,33,3,4
1,443,28,18,2,2
1,2650,60,30,2,2
1,284,43,82,2,6
0,660,56,6,1,3
1,1300,60,8,1,1
1,185,45,14,2,5
1,468,31,74,2,4
1,180,44,44,2,7
1,420,34,26,1,6
0,600,58,10,2,4
1,600,24,10,1,5
1,386.933,31,40,2,2
0,476,52,28,2,4
0,530.958,58,24,2,2
1,624,69,26,2,2
1,363.098,37,46,2,2
0,967.237,40,38,2,4
1,4860,43,20,2,5
1,450,71,9,1,2
1,289,43,32,2,5
1,26261.04,64,27,1,2
1,200,53,28,2,3
1,2400,55,21,3,4
1,2100,41,8,1,4
0,600,42,21,3,5
0,120,26,88,4,5
0,360,34,48,2,6
1,600,51,4,1,3
1,1140,62,4,0,2
1,1050,60,8,1,3
1,260,36,18,2,4
1,360,82,20,1,2
1,1259,49,12,1,4
1,1550,55,13,1,2
1,517,70,18,2,3
1,818.594,54,16,2,3
1,1980,56,33,1,6
1,2150,55,33,3,4
1,180,70,14,1,2
1,900,53,24,2,3
1,2950,25,13,1,3
1,150,41,11,1,6
1,1077.266,56,38,2,2
1,1645,64,30,2,2
1,720,51,36,2,4
1,791,45,10,2,5
1,240,49,40,2,5
1,520,68,98,2,2
1,300,48,14,1,7
1,1320,37,22,2,3
0,600,57,5,1,2
1,2400,41,11,1,4
1,600,62,9,1,2
1,684.127,62,32,2,3
1,2241,39,8,1,6
1,917,58,13,1,2
1,900,47,54,3,4
0,744.098,21,22,0,3
1,840,58,28,2,2
1,358,58,36,3,3
0,150,62,32,2,1
1,268.348,36,42,2,7
0,720,37,8,0,5
1,1620,63,11,1,2
1,480,41,14,2,5
0,259,43,30,2,4
1,203,55,6,2,2
0,540,29,28,2,4
0,1096,29,14,2,3
1,657.875,38,120,3,8
0,900,75,9,1,2
1,3475,61,76,4,3
1,527,40,44,2,5
1,620.977,61,14,1,1
1,340,33,8,1,4
1,600,68,24,2,3
0,180,55,28,2,4
1,1177,51,68,4,4
1,2100,73,42,2,4
1,960,70,34,2,2
1,5258.214,44,30,1,4
1,420,39,14,1,4
1,200,69,48,1,3
1,795,46,32,2,4
1,329,39,66,3,3
1,1040,60,28,2,2
1,674,65,28,2,2
1,4183,56,13,1,1
1,835,34,8,1,1
0,540,16,8,0,2
1,1420,35,62,0,7
1,2520,56,60,3,3
1,1461,23,18,1,1
0,744,61,42,2,2
0,420,29,15,1,2
1,1860,56,27,3,4
1,7758,32,13,1,3
1,1600,42,20,2,2
0,19.99998,20,8,0,2
0,755,32,43,0,2
1,294,58,50,2,4
1,372,57,30,3,2
1,393.381,43,68,2,5
1,1500,42,33,3,3
1,960,79,28,2,3
1,200,52,36,2,3
1,760,43,38,2,5
1,1498,42,24,2,5
1,1071,67,46,2,2
1,420,69,66,3,4
0,432,25,15,0,1
1,3070.556,33,24,2,2
1,347,27,22,1,1
1,2653.654,39,66,2,5
1,4100,43,12,2,3
1,1740,28,30,5,6
1,2638,52,22,2,4
1,686.855,42,24,1,2
0,2252,31,15,0,1
1,740,32,10,1,2
1,1028,66,14,2,2
1,1250,39,19,1,4
0,529,73,10,0,1
1,4209,56,36,4,4
0,617,72,5,1,2
0,4733,48,30,2,2
1,2793.151,47,26,1,4
1,1982,37,27,3,2
1,351,52,19,1,5
1,420,29,25,1,4
0,619,28,21,1,4
1,520,34,20,1,1
1,2700,57,16,2,3
1,1680,50,48,3,4
1,3660,37,18,2,6
1,142,67,11,1,2
0,180,52,39,3,5
1,1380,40,12,1,5
1,3207.709,56,45,3,3
1,2395.078,60,22,2,3
1,1983,65,56,4,4
1,300,36,36,2,4
0,509,73,4,1,3
1,1200,73,34,2,2
1,625,73,13,0,2
1,209,40,28,2,5
1,484,62,12,2,2
1,360,20,39,3,6
1,1296,30,38,2,6
0,720,41,52,2,4
1,3059,51,51,3,8
1,200,43,18,2,9
1,738,53,20,2,2
1,1434.426,32,60,4,3
1,1289,53,12,3,3
0,1281,28,22,2,3
1,239,66,24,3,3
1,141.889,56,42,2,2
1,137,60,21,1,2
1,1800,36,36,2,5
1,251.659,32,28,2,4
1,350,45,42,3,6
1,460,31,22,1,4
1,1620,56,30,5,5
0,1500,18,12,2,3
1,305,55,32,4,4
1,1105,29,13,1,2
1,480,37,14,1,4
1,1126.632,59,46,2,3
1,733,62,15,1,2
1,1854,33,30,2,5
1,420,33,24,2,4
1,1800,56,10,2,5
1,1410,29,20,1,1
1,1045,48,20,1,1
1,500,47,58,2,5
1,499,54,22,2,4
1,628.647,29,38,2,4
0,640,21,11,0,1
1,1144,62,12,2,2
1,152,20,24,2,5
1,243,62,88,4,5
1,1560,62,25,1,4
1,3485.782,41,18,2,3
1,451,24,27,1,1
1,1766.663,39,27,3,5
1,424,79,28,2,2
1,420,62,18,3,3
1,545,43,22,2,1
1,1080,45,32,2,5
1,552,54,66,2,3
1,332,40,10,2,6
0,647,16,18,1,5
1,200,81,6,1,2
1,1200,41,22,2,4
1,867.87,45,17,1,3
1,720,23,4,1,2
0,917.374,24,17,0,3
0,1540,28,10,0,5
1,1398,33,32,2,5
1,358.174,36,40,2,6
1,300,23,42,3,5
1,728.029,49,62,2,4
1,678,57,48,3,3
1,599.804,60,50,2,4
1,480,60,16,2,2
0,240,53,5,1,4
1,293.123,38,120,3,8
1,3514.787,61,39,3,5
1,112,48,93,3,5
1,1600,51,28,2,2
1,218,63,28,2,2
0,1267,43,10,1,5
1,728.035,57,34,2,2
1,926.106,55,20,2,4
1,1260,56,4,1,3
1,339.992,44,38,2,5
1,143,41,42,2,4
1,1080,67,19,1,1
1,780,38,30,1,8
1,607,62,44,2,2
1,180,45,17,1,3
1,900,40,28,2,5
1,278,66,24,3,3
0,211,34,12,1,1
1,584,60,70,2,2
1,746.029,32,32,2,3
1,1261,44,18,2,5
1,700,54,32,2,3
1,380,32,74,2,5
1,437,20,14,2,4
1,3347,58,42,3,3
1,1080,69,19,1,2
1,560,70,13,1,1
1,1375,50,40,2,4
1,859,42,44,2,5
1,1000,34,19,1,6
1,82.17198,50,20,2,4
1,1356.567,43,36,1,4
1,350,43,42,2,5
1,1270,63,11,1,2
1,770.315,41,36,2,6
1,1208,27,37,1,5
1,660,75,28,2,2
1,92.83398,58,27,3,6
1,432.443,43,40,2,5
1,346,32,44,2,4
0,680,68,34,2,2
1,308,61,42,2,2
0,565,23,11,1,2
1,376,39,26,2,4
0,300,65,12,1,1
0,450,30,8,1,2
1,1473,47,10,2,6
1,260.563,36,22,2,5
0,559.498,58,50,2,2
1,200,66,24,2,2
0,195,25,16,1,4
1,2588,22,8,1,3
1,932,38,18,2,7
1,633,53,39,3,3
1,2550,36,16,2,11
1,902,46,24,2,4
1,2886,34,22,2,4
0,600,60,33,1,2
1,1200,58,78,3,3
1,1800,31,8,2,2
1,599,52,75,5,5
1,220,38,66,2,6
0,297,33,30,2,5
1,1860,22,16,2,3
1,2400,56,36,4,4
0,453,39,13,0,1
1,128,44,30,2,4
1,1910,26,27,3,3
1,850,54,42,3,3
1,808,47,63,3,4
0,1370,79,13,0,2
1,360,60,18,1,4
1,1127,32,38,2,4
1,4017,56,20,2,3
1,984,31,14,1,4
1,231,68,22,2,2
1,1548,42,18,2,5
1,600,32,27,1,4
1,360,52,75,5,5
1,2766.19,40,22,2,5
0,345,22,6,0,3
1,960,25,24,3,3
1,2290,49,36,3,4
1,1800,58,20,2,6
1,600,22,44,4,6
1,2063,40,44,2,5
1,1311,30,8,1,1
1,180,69,15,1,1
1,1861,38,38,2,5
1,499,50,44,2,3
0,1020,18,12,2,4
1,180,35,17,1,4
1,163,45,30,2,3
1,300,26,34,2,3
1,557,50,24,2,5
1,2910,28,50,5,7
1,300,37,30,2,4
1,4364,47,33,3,5
1,120,55,42,2,4
1,182,51,22,2,4
1,573,37,17,1,3
0,315,38,34,2,5
1,200,58,78,3,3
0,546.428,33,26,2,2
0,165,25,22,2,2
1,1948.959,34,34,2,4
1,2916,61,14,1,2
1,600,53,10,2,4
1,408.005,41,28,2,5
1,1672.599,63,14,2,4
1,489.979,43,48,2,6
1,600,52,20,2,4
0,1523,60,6,1,5
1,1211.422,60,12,3,4
1,492,33,18,2,3
1,300,52,34,2,2
1,1805.335,59,33,1,2
1,1893,63,10,2,2
1,390,48,26,2,4
1,601,58,22,0,4
0,1298.088,67,36,3,4
1,591,35,4,0,4
1,3402,58,28,2,3
1,265,42,34,1,6
1,1750,67,15,1,2
0,529,16,3,1,4
1,899,30,10,2,3
1,240,32,24,1,7
1,860,70,38,2,2
1,540,44,21,3,5
1,1743,67,34,2,2
1,696.94,59,44,2,2
1,540,62,18,3,3
1,900,58,16,2,2
1,2395.321,57,72,2,2
1,1681,53,18,3,2
1,2097,40,22,2,3
1,150,35,18,1,8
1,580,45,58,2,4
1,242.188,18,57,3,3
1,1800,50,6,2,4
0,600,75,3,1,3
1,400,64,120,3,4
1,6692,26,112,4,4
1,675,31,19,1,4
1,980,43,57,3,8
1,160,63,40,2,3
1,1612,54,16,1,2
1,1416,58,20,2,2
1,3047,24,22,2,3
1,1227.101,53,30,2,3
1,816,42,54,3,5
1,1561.523,28,48,4,3
1,2082.15,53,30,2,2
1,319,38,14,1,3
1,1860,70,18,2,4
1,2400,40,18,2,5
1,1031,49,18,3,5
1,1839,41,28,2,5
1,850,65,11,1,2
1,286,64,44,4,3
0,308,28,8,1,1
1,1357,47,24,3,3
1,2012.456,28,17,1,5
1,79.99998,81,26,2,2
0,1020,16,12,2,5
0,502,59,11,1,2
1,435,38,36,2,3
1,3973,64,50,5,7
0,838,30,10,1,3
0,504,73,15,1,2
0,240,48,24,2,4
1,720,27,15,1,2
0,784.222,74,12,2,3
1,1849.248,72,6,1,2
1,3597.223,27,32,2,5
1,700,42,19,1,3
1,240,33,40,2,4
1,1054,21,24,3,5
1,1476,40,8,2,3
1,394.138,37,28,2,4
1,372,46,16,2,4
0,588,28,12,0,1
0,290,27,24,1,5
1,660,55,27,3,3
1,2900,33,80,4,4
0,360.118,44,8,0,3
1,247.166,32,16,1,4
1,900,55,34,2,2
1,300,33,34,2,2
1,433,38,14,1,4
1,1000,21,22,2,4
1,251,28,36,2,4
1,903,80,8,1,1
1,2486.851,52,48,2,4
1,177.425,29,14,2,3
1,596,37,6,1,4
1,1260,61,28,2,3
1,1500,70,24,2,3
1,400,47,58,2,5
1,561.432,72,26,2,2
1,2184,57,38,2,4
1,1897.537,20,24,2,3
1,259.106,56,30,2,2
1,82.00002,54,51,3,3
1,4826,51,18,2,3
1,561,32,50,2,3
1,1380,74,16,2,2
1,255.024,32,38,2,3
0,660,34,38,2,3
1,950,40,20,2,5
1,1140,60,12,2,2
1,898,57,24,3,3
0,800,24,20,2,9
1,403,28,17,1,4
1,120,38,40,2,7
1,2176,42,18,3,5
1,193,30,30,2,7
1,345,35,20,4,6
1,2160,63,10,2,3
0,419,23,13,0,3
1,965,63,34,2,2
0,209,51,10,1,2
1,720,76,22,2,2
1,540,49,40,2,5
1,1260.936,26,13,1,2
1,481,38,32,2,3
1,429,65,16,1,2
1,1954.65,26,24,1,4
1,674.659,38,23,1,5
1,900,74,15,1,2
1,1080,46,36,3,3
1,342.321,41,42,2,4
0,574,31,13,1,2
1,962,28,3,1,4
1,384.982,38,14,1,2
1,681,30,11,1,3
1,3149,59,27,3,5
1,2380,18,24,2,5
1,1081.785,37,34,2,4
1,757,25,33,3,6
0,882,59,12,1,4
0,793,17,12,2,4
1,1683,26,18,2,3
1,551,63,18,3,4
1,1029.89,57,28,2,4
1,4847,57,13,1,2
1,766,43,12,2,4
1,1712,64,24,2,2
1,425,53,51,3,3
1,118.327,35,24,2,4
1,696,55,24,3,4
1,1500,27,72,3,4
1,240,67,32,2,4
1,2322,31,32,2,3
0,844,58,3,0,2
1,1560,61,16,2,3
1,480,50,33,3,5
1,488,40,24,2,4
1,152.99,41,50,2,7
1,4142,60,34,2,2
1,2948.288,60,27,3,4
0,60,50,20,2,4
1,660,56,42,2,2
1,1080,46,22,2,10
1,880.74,38,28,2,4
1,138.439,47,54,3,5
1,264,46,15,1,2
1,540,38,6,1,6
0,204,64,30,2,2
1,192.757,39,30,2,4
1,1260,49,20,2,2
0,300,48,11,0,1
1,400,30,17,1,4
1,2020,59,16,2,2
1,720,35,18,1,5
0,541,19,13,0,1
1,452.481,55,52,2,4
0,601,69,12,1,2
0,1534.703,28,10,0,2
1,429.277,32,45,3,4
0,159,77,5,0,1
1,155,45,28,2,5
1,1437.871,61,10,1,1
1,3455,57,15,3,4
1,333,27,65,5,7
1,1010.816,31,28,2,3
1,193.415,65,20,1,2
1,1039,47,6,1,3
1,520,32,20,2,3
0,1156,39,16,1,6
1,900,45,40,2,5
1,468,47,30,2,4
1,1392.813,59,30,3,3
1,440,41,18,2,5
1,1560,42,18,2,5
1,774,48,14,2,5
1,500,33,72,2,5
1,263,60,28,2,2
1,1921,46,48,2,4
1,420,31,11,1,8
1,977,45,26,2,5
1,180,44,20,2,5
0,1020,33,30,2,5
0,600,40,11,1,3
1,431,42,48,3,4
1,417,35,24,1,3
1,1270.309,51,34,1,4
1,113,69,14,2,2
1,277,41,40,1,6
0,1350,60,30,3,3
0,1950,63,40,2,3
1,1538.994,56,26,2,2
1,1437,23,24,2,2
1,892,48,34,2,5
1,164,53,44,4,3
1,2030.334,21,27,1,1
1,834,45,68,2,5
0,60,59,6,2,6
1,1696.317,46,54,2,5
1,2733,32,26,2,3
1,3184,63,26,2,2
1,639,44,44,2,5
1,600,49,18,2,4
1,880.814,60,18,1,2
0,421,22,20,1,1
1,293,23,24,2,4
1,302,31,8,2,2
1,86.56302,48,48,2,1
1,720,35,16,1,3
1,1340,67,56,2,2
1,1959,45,20,2,4
1,660,27,18,2,4
1,454,70,16,2,3
0,1000.004,36,18,2,3
1,300,39,28,2,6
0,1200,85,10,0,3
0,648,71,16,0,2
1,1191,71,36,2,2
1,2495.031,39,105,3,3
1,163.779,24,19,1,1
1,1248.964,45,36,4,5
1,754,53,18,3,2
1,2060,65,10,2,2
1,6470,26,112,4,4
1,2294,31,16,2,2
0,464.009,42,52,2,6
0,1124,30,3,0,1
1,480,43,12,2,2
1,404,28,36,2,4
1,1886,50,32,4,4
1,180,39,48,2,5
1,1627,51,11,1,4
1,480,38,10,1,1
0,223,30,8,2,5
0,189,16,16,1,2
1,600,48,5,1,4
1,3724,38,18,2,5
1,2000,26,21,3,7
1,243,50,60,2,5
1,1195,25,48,3,6
1,320,67,35,1,1
1,240,80,10,0,1
1,562,22,54,3,4
1,460,64,16,1,3
1,360,42,32,2,4
0,1093,45,17,1,1
1,4471,42,22,2,5
0,728.066,57,42,3,3
1,350,47,24,1,1
1,1800,59,12,2,2
0,360,50,78,2,6
1,775,39,6,2,4
1,1653,34,22,2,4
1,298,47,34,2,4
1,618,29,11,1,4
0,575,30,11,0,1
0,1127,22,10,0,1
1,1693,61,28,2,3
1,350,29,38,2,4
1,900,41,12,2,5
0,300,44,24,1,4
1,750,67,165,5,3
0,520,39,20,0,8
1,464,73,43,1,2
0,180,39,38,2,5
1,1800,38,20,2,5
1,1345,60,22,1,3
1,199,40,50,2,7
1,3848,48,10,1,2
1,3360,58,8,1,2
1,350,45,38,2,5
1,126,64,20,2,2
0,180,32,15,1,4
1,926,41,28,2,4
1,1700,50,50,2,4
0,135.876,16,40,2,3
1,423,46,18,2,6
1,222,42,28,2,4
1,1629.37,20,14,2,5
1,700,54,44,2,2
0,580,26,24,2,4
1,2146.118,52,42,3,5
1,440,48,54,3,4
1,2000,52,22,2,3
0,231,48,15,1,4
1,405,42,14,2,3
1,740,83,9,1,2
1,1020,22,42,3,5
1,1300,50,12,2,3
1,3137.708,65,10,1,2
1,60,30,44,2,3
1,1200,62,51,3,3
1,495,41,40,1,6
1,752,46,24,2,5
1,720,34,32,2,6
1,427.974,40,96,3,7
1,670,33,27,1,5
1,60,56,46,2,5
0,418,67,8,1,2
0,422,60,26,2,5
1,2832,55,18,2,4
1,1241,50,24,2,4
1,1040,53,44,4,3
1,420,66,16,2,2
1,2150,50,17,1,3
1,840,49,18,3,4
0,350,47,15,0,1
1,2604,25,33,3,6
1,1170.916,51,18,2,2
1,400,55,16,2,5
0,439,57,45,3,3
1,568,31,30,2,4
1,536,65,90,3,3
1,1295.994,48,78,2,3
1,224.668,24,28,2,3
1,357,48,34,2,5
1,271,41,38,2,5
1,79.99998,51,22,2,2
0,214.017,34,14,1,4
1,1100,51,99,3,4
1,1780,48,14,1,7
1,600,46,30,3,3
1,928,48,44,2,2
1,300,34,16,2,6
1,2517,36,50,1,1
1,750,38,57,1,7
1,471.946,51,48,2,4
1,659,66,50,2,2
1,180,40,26,2,5
0,139.834,22,30,2,3
1,506,75,18,2,2
0,240,80,5,1,2
0,166.628,46,54,2,5
1,1080,30,24,2,4
1,692,45,24,2,2
1,319,32,24,2,4
1,860,51,18,2,3
1,349,65,26,2,3
1,172.401,55,52,2,4
1,720,67,28,1,2
0,1579,18,48,3,3
1,590,29,30,2,2
1,240,39,28,1,1
1,450,37,40,2,4
1,853,42,90,3,7
1,3244.126,22,32,4,5
0,360,40,19,0,9
1,621,63,20,1,2
0,1092.647,17,24,2,4
0,550,45,17,0,4
1,1151,52,14,2,2
1,261,40,14,2,5
1,127,38,48,2,5
1,725.385,27,32,2,2
1,497,49,12,2,5
1,555,38,30,1,8
1,2280,36,8,1,5
1,1015,53,57,3,7
1,375.545,18,60,3,5
0,124,33,34,2,3
1,1440,43,76,2,5
1,595,53,39,3,3
1,210,69,28,2,2
1,507.91,50,24,2,4
1,1522,59,9,1,2
1,255,32,44,2,4
0,383.914,32,20,1,4
0,540,45,22,2,5
1,23.2413,84,19,1,2
0,1980,58,6,0,2
0,420,37,30,2,4
1,2275.312,31,9,1,1
1,900,30,10,1,2
0,292,22,18,2,9
1,581,52,14,2,2
1,661,78,18,2,2
0,730,50,8,0,8
1,1109.847,57,34,2,2
1,1354,55,78,6,2
0,1200,59,13,1,2
1,1117,43,34,2,2
1,2400,46,18,3,4
1,790.242,32,45,3,4
1,1270,38,22,2,4
1,735,33,190,5,3
1,456,34,20,2,2
1,2520,51,33,3,4
1,200,54,40,2,3
0,1200,29,10,0,2
1,111.019,35,9,1,2
1,489.468,64,38,2,2
0,1415,50,10,1,3
1,258,20,45,3,7
1,587,66,21,1,4
1,1706.614,37,42,3,5
1,840,60,20,2,3
1,300,62,15,1,2
1,900,41,22,2,6
1,390.373,40,21,1,1
1,350,60,30,2,2
1,840,63,36,4,2
1,375.967,63,13,1,1
1,61.99998,34,15,1,5
1,91.00002,33,30,2,5
1,1786.503,50,39,3,6
1,336,56,42,2,3
1,650,46,18,2,3
1,1759.088,43,34,2,5
1,181.868,41,48,2,7
1,2161.252,53,39,1,1
0,304,19,6,1,8
1,462.782,64,38,2,2
1,750,27,40,2,5
1,88.005,36,24,2,6
1,325,41,34,2,5
1,158,35,24,2,4
1,740,62,24,2,3
1,1586,52,54,3,5
1,1603,42,8,1,1
1,1116,36,30,2,4
1,286,38,68,2,4
1,468,24,21,3,3
0,404,74,24,3,4
1,360,67,16,1,2
1,269,45,24,2,5
0,1220,23,14,0,2
0,170,66,20,1,1
1,240,36,22,2,6
1,200,49,23,1,7
1,360.067,57,26,2,5
1,360,58,54,2,4
1,2104,35,29,1,5
1,720,59,22,2,3
1,1550,64,120,3,4
1,360,50,32,2,5
1,3060,55,39,3,3
1,676,44,12,2,7
1,166,35,15,1,5
1,420,27,20,2,4
1,2422.324,46,42,2,5
0,180,32,26,1,6
1,900,61,36,2,4
0,1011,17,20,2,4
1,1182,70,7,1,1
1,202.99998,42,36,2,2
1,439,73,13,0,2
1,342,39,16,2,4
1,946.758,39,38,2,5
1,480,26,20,2,2
1,461,60,70,2,2
1,308,33,12,1,5
0,579,89,8,0,2
0,180,57,10,1,3
1,275,42,14,2,5
1,1470,63,22,2,4
0,288.451,16,30,2,5
1,652,38,16,2,5
0,303,79,19,1,2
1,419,42,78,3,5
1,600,40,24,2,5
1,268,33,14,1,5
1,507.41,49,30,2,4
1,1209.045,52,32,2,4
1,1400,49,22,2,6
1,7703,39,16,2,5
1,600,55,68,4,3
0,600,35,10,1,2
1,1500,52,36,2,3
1,871,70,15,1,2
1,360,45,9,1,1
1,460,60,44,4,5
1,433,56,44,2,4
1,1000,42,34,1,6
1,423,60,3,1,1
1,1000,46,54,3,6
0,650,28,4,1,2
1,610,51,36,2,4
1,1140,51,152,4,5
1,280,60,13,1,2
0,382.119,23,10,0,3
0,600,42,21,3,5
1,173,33,10,1,4
1,1193.341,62,29,1,1
0,154,28,27,3,3
1,3567,38,18,2,7
0,725.712,33,18,2,4
1,720,54,22,2,6
1,222.449,32,42,2,5
1,578.259,40,32,1,1
1,1621,56,32,2,3
1,1620,42,22,2,9
1,1560,64,20,2,4
0,350,69,14,1,3
0,150,29,21,0,7
1,469,21,15,3,4
1,180,49,42,2,3
0,300,42,8,1,2
1,60,49,50,2,4
1,2324,61,32,4,5
0,554.279,29,12,1,2
0,1620,38,26,2,4
1,397,51,17,1,2
0,2471.981,38,42,2,5
1,228,56,28,2,2
1,1140,51,18,3,4
0,250,44,10,0,1
1,1682,57,24,2,5
1,2866,52,44,4,4
1,1082.771,29,54,2,4
1,79.99998,51,42,1,4
1,209.063,50,7,1,1
1,1482.753,51,26,2,6
1,1637,51,20,2,4
1,654,51,152,4,5
1,120,40,40,2,5
1,650,58,19,1,3
1,720,29,16,2,4
0,900,70,11,1,1
1,220,55,12,1,3
1,387.137,21,24,3,4
1,1759,27,14,2,2
1,368.942,62,16,2,2
1,332,47,52,4,5
0,480,18,6,1,4
1,363,31,30,2,2
1,6180,62,56,2,2
1,126.564,32,48,3,6
1,917,46,21,1,3
1,240,41,40,1,6
1,1048,38,13,1,5
1,2200,57,24,2,4
1,300,23,5,1,3
1,360,57,38,2,4
1,176,38,22,2,4
1,1345,42,36,2,2
1,900,44,11,1,1
1,586,42,54,3,5
1,415,51,60,3,5
0,1080,36,23,1,4
1,589.785,25,25,1,1
0,337,33,30,2,4
1,1960,41,3,1,4
1,343,46,24,2,4
1,1730,45,74,2,5
1,718.492,44,28,1,2
1,310,30,18,2,4
1,350,60,120,3,3
0,49.99998,38,19,0,5
1,444,53,20,2,2
1,3840,26,19,1,4
0,60,34,10,1,8
0,500,73,4,1,2
1,440,44,16,1,1
1,1380,53,33,3,4
0,540,17,13,0,4
1,250,56,105,3,3
1,1980,46,27,3,6
1,483,32,18,2,3
1,1155.152,39,105,3,3
1,434,54,15,1,1
1,1350,25,20,1,3
1,395,31,10,1,3
1,732,32,36,2,3
1,120,80,22,1,2
0,179,35,28,1,2
1,996.244,46,84,4,5
1,660,43,34,2,4
1,150,60,56,2,2
1,300,31,57,3,3
1,620.607,28,30,2,9
0,626,66,5,1,1
0,585,35,12,1,1
0,290,28,26,1,5
1,757.486,41,18,2,6
1,926.48,46,78,6,6
1,824.85,30,15,1,4
1,1300,66,16,1,1
0,850.99998,30,23,1,2
1,168,73,42,3,3
1,501.425,49,60,3,5
1,320,37,74,2,7
1,217.902,33,34,2,4
0,722,74,8,1,2
1,600,31,30,2,4
0,450,45,13,0,8
1,150,37,12,1,8
1,3103,40,6,2,5
1,2773,49,13,1,2
0,422.373,18,24,2,6
1,2779.113,68,4,1,3
1,440,46,72,4,5
1,3679.144,55,44,2,5
0,442,82,4,0,1
1,2675,58,9,1,4
1,673,35,40,2,4
1,840,39,34,2,6
1,1197,29,42,3,4
1,2058,49,7,1,1
0,565,32,8,0,10
1,989,59,16,1,2
0,300,36,32,1,4
1,5550,52,34,2,2
1,300,29,32,2,3
1,660,55,78,6,2
1,451.986,17,32,2,5
1,840,37,28,2,4
1,1144,34,3,1,2
1,3676.935,34,32,2,3
0,941,40,13,0,3
1,268,47,36,2,5
0,333,50,30,2,6
1,46.00002,61,75,3,3
0,660,32,27,1,5
0,480,62,10,1,5
1,2800,68,38,2,2
1,1034,50,26,2,3
1,650,47,11,1,3
1,440,81,26,2,2
0,467.017,55,60,3,4
0,600,36,58,2,8
1,1980,40,24,2,4
1,1020,31,16,1,2
1,1250,60,120,3,3
1,643,38,16,1,4
1,540,51,42,1,4
1,891,52,19,1,5
0,587,27,26,1,7
1,600,65,86,2,2
1,1985,47,44,2,4
1,1920,29,48,3,4
1,360,47,34,2,3
1,516,61,70,2,4
1,240,39,32,2,6
0,19.99998,30,8,1,2
1,3174,27,60,3,6
1,312,64,16,2,2
0,1152.281,68,9,1,2
1,250,70,72,3,3
0,394,19,19,1,3
1,1504.946,41,38,2,4
1,1031,79,38,2,2
1,19.99998,73,18,1,2
0,797.872,22,11,1,4
1,1808,64,12,1,2
1,457.302,47,32,2,5
1,904,18,22,2,3
1,581,18,12,2,3
1,1655.45,56,33,3,3
0,229,30,16,1,4
1,2080,75,13,1,2
0,900,16,12,2,5
1,780,58,18,2,2
1,240,41,34,2,4
1,2076,51,68,4,4
0,3960,76,10,0,1
1,797,61,16,1,2
1,167.459,36,13,1,4
1,300,79,12,1,1
0,360,76,21,1,2
0,420,32,27,1,5
1,300,26,20,2,3
1,613.942,55,34,2,2
1,1001,38,17,1,2
1,2922.8739,49,36,2,2
1,1350,59,21,0,3
0,300,42,14,0,8
0,420,37,27,1,5
1,3126,47,44,1,2
1,958.584,47,78,3,5
1,900,66,17,1,2
0,187.934,54,14,0,1
1,300,39,18,2,6
1,9548.212,52,18,2,3
1,1104,48,15,1,2
0,725.812,55,22,2,3
1,496,52,32,2,3
0,1740,42,10,1,2
1,811.746,41,21,1,1
1,1654,32,15,1,1
1,926,75,13,1,2
1,1369.52,45,52,2,6
0,240,39,13,1,4
1,300,40,20,2,5
1,243,62,88,4,5
1,960.386,58,28,2,3
1,79.00002,74,30,2,3
1,1114,38,70,2,9
0,300,34,20,0,7
1,1932,62,16,2,2
1,3285.558,70,22,2,2
0,167,27,38,2,2
1,1015,38,66,2,6
1,643,29,50,2,4
1,491,58,69,3,6
0,440,68,4,0,1
1,1447,63,22,2,4
1,554,51,32,2,4
1,886.999,48,24,2,4
1,1032.5,44,12,1,3
1,423,30,10,2,3
1,1009,41,44,2,4
1,627,59,20,2,2
1,480,61,26,1,4
1,680,26,22,1,1
1,1150,70,24,1,3
1,950,45,36,2,5
1,523.841,52,14,1,5
1,589,60,17,1,1
1,200,23,8,1,4
1,339,39,24,2,7
1,390.031,48,42,2,6
1,225.558,56,42,3,4
1,180,43,33,3,3
1,2900,46,50,2,4
0,791.122,64,38,2,2
1,2700,44,20,2,4
1,1020,43,36,2,5
0,1080,38,11,0,8
1,1069,67,19,1,1
1,1620,62,36,2,2
1,1250,71,17,1,1
1,562,63,20,2,2
1,1498.083,24,30,2,4
0,79.99998,52,4,0,1
1,776,70,16,1,1
1,233.984,40,32,2,5
1,326.704,37,34,2,4
1,604,64,108,3,3
1,360,41,26,2,5
1,833,35,14,2,4
1,1708,56,24,2,4
1,196,29,34,2,4
0,3200,28,21,0,4
1,540,53,34,2,3
1,1614,52,14,2,2
1,100,52,22,2,3
1,776,57,30,2,3
1,2503.196,39,28,2,2
1,1440,57,13,1,2
1,340,60,40,2,3
1,1953,39,26,2,3
1,1358.03,52,36,2,4
1,430,55,51,3,9
1,471,44,10,2,3
1,896.828,28,16,2,3
1,972.0001,61,30,3,3
1,368.119,37,24,2,4
1,942,52,75,5,5
1,451,36,8,2,5
0,360,24,14,0,4
0,600,27,18,0,4
1,822.005,51,34,1,4
1,341,62,46,1,2
0,480,34,75,3,6
0,180,30,5,0,4
1,1141,63,44,2,2
1,600,65,11,1,2
1,45.26202,40,32,2,5
1,442,40,17,1,1
1,300,61,12,1,6
1,930.721,52,34,2,2
0,2160,73,6,1,2
1,5690.746,31,54,6,6
1,1980,68,24,1,2
1,2315,64,18,2,2
1,3389,40,20,2,4
1,500,42,12,1,3
1,400,69,7,1,2
1,1196,35,36,2,3
1,203,28,11,1,1
1,438,72,6,1,2
1,108.707,59,35,1,1
1,668,36,42,2,3
0,417,66,20,1,1
1,143,34,32,2,3
1,1320,54,66,2,3
1,614,79,36,2,2
0,600,16,16,2,5
0,1320,18,12,3,3
1,955,29,24,4,6
1,1150,60,120,3,3
1,795.68,47,14,1,3
0,602,19,14,0,1
0,480,42,28,2,5
1,1057,29,38,2,2
0,300,37,12,1,5
1,2186,60,33,3,3
1,1260,31,20,1,5
1,562.423,40,32,2,7
1,2249,60,26,1,1
1,1440,26,34,2,3
1,3258,35,12,1,3
1,2400,56,42,2,2
1,1483,31,13,1,3
1,1200,60,12,2,2
0,150,44,50,2,7
1,241,38,36,2,5
1,1602,38,38,2,5
1,600,36,14,1,7
1,1123.771,41,22,2,5
1,1200,40,38,2,4
0,425,19,21,0,2
1,1740,25,28,4,4
1,4800,47,10,2,4
1,660,26,24,4,5
1,1743,41,14,2,4
1,259.7,37,22,2,5
1,1420,33,52,2,4
0,420,35,14,1,7
1,435,52,19,1,2
1,185,50,24,2,4
1,1600,46,18,2,5
1,240,30,11,1,4
1,242,57,12,2,4
0,414,35,8,1,2
1,992,42,36,2,5
1,1980,40,16,2,5
1,1740,43,18,2,5
1,2431.502,48,8,1,3
1,180,39,42,2,5
1,440,22,14,1,2
1,361,58,16,2,3
0,300,31,10,1,8
1,859.074,45,48,2,4
1,639.024,45,28,2,5
1,3618,68,6,1,2
1,550,41,18,2,5
1,480,58,42,2,4
1,304.454,36,40,2,6
1,482,48,20,2,4
1,1467,25,7,1,2
1,203,56,52,2,4
0,1917,16,10,1,4
0,2254,46,11,1,2
1,485,50,40,2,5
0,750,20,13,0,1
1,600,58,54,2,3
1,333.642,73,42,2,2
1,1061,38,26,2,4
1,2268,42,26,2,5
1,787,41,40,2,5
1,4316.784,67,8,2,3
0,660,74,11,0,1
0,400,47,12,0,9
1,960,37,40,2,4
1,382,67,24,2,2
1,100,51,20,2,5
1,2803,44,10,1,5
1,872,64,30,2,2
1,232,36,26,2,6
1,826,55,30,2,3
1,1769,66,24,2,3
1,300,41,40,2,6
1,250.039,17,18,1,3
1,333,46,22,1,4
1,1360,57,36,2,2
1,1353,60,60,3,4
1,110,35,26,2,6
0,748,38,32,2,3
1,900,35,14,1,10
1,245,60,16,2,2
0,180,38,24,1,5
1,1334.872,50,26,2,3
1,4385,26,112,4,4
1,350,49,12,1,3
1,321,62,88,4,5
1,1380,45,28,2,5
1,680,25,22,2,2
0,263,16,9,1,3
1,705,59,48,2,3
1,3120,43,12,2,6
1,920,33,58,2,6
0,420,30,15,0,4
1,720,32,42,2,4
1,812,56,24,3,3
1,700,40,31,1,3
1,2586,61,75,3,3
1,6860,70,21,1,2
1,60,41,44,2,5
0,67.99998,70,5,0,2
1,643,83,13,1,2
1,4221,29,44,2,2
1,1980,38,40,2,7
1,3052,42,12,1,6
1,211,64,24,2,2
0,780,31,26,2,3
1,1349.48,51,88,4,4
0,720,33,8,0,9
1,1300,34,22,2,4
0,274,45,18,1,4
1,714,47,14,2,5
1,202,46,9,1,10
1,1185,51,38,2,3
0,941.78,18,22,2,3
1,847.664,39,16,1,6
1,450,59,18,1,2
1,2712,31,32,2,3
1,3360,52,36,3,3
1,2192,42,17,1,4
1,4549.965,35,14,1,2
1,739,44,17,1,2
1,422.313,54,48,3,3
0,259,75,16,1,1
0,300,17,12,0,8
1,1109,53,42,3,4
1,900,36,14,1,1
1,1756.79,50,28,2,3
1,4540,73,13,1,2
0,600,35,7,1,4
0,533,32,38,2,4
1,1080,55,60,4,2
1,1523,36,36,2,4
1,600,30,20,2,4
0,60,27,16,1,5
1,878,58,24,2,4
0,1042,16,3,1,5
1,2000,72,35,1,2
1,1160,22,12,2,3
0,284,52,12,0,1
1,2363,46,28,2,5
1,3390,27,22,1,1
1,203.001,23,15,1,1
1,706,80,28,2,2
1,208,55,12,1,1
1,471,56,50,2,3
0,540,60,10,1,2
0,471,35,7,0,3
1,330,64,19,1,2
1,1567,61,54,2,3
0,1140,60,22,1,3
1,140,36,24,1,6
1,180,38,68,2,4
1,600,26,17,1,2
1,600,58,12,2,5
1,1764,52,16,1,5
1,186,27,60,3,6
1,511,60,32,2,2
0,904,76,9,0,1
1,667,38,54,2,1
1,239,72,32,1,2
1,700,22,36,3,5
1,1837.459,64,24,2,2
0,990,37,16,0,10
1,795,23,36,3,4
1,1080,70,7,1,1
1,769.763,47,78,3,5
1,498,53,13,1,5
1,200,46,26,2,5
1,1303,22,22,1,3
0,220,48,12,0,3
1,365,81,24,2,2
1,787,60,15,3,3
1,2266,51,24,2,4
1,935.156,33,24,1,3
1,480,29,30,2,5
1,733.812,57,22,2,2
1,8100,53,28,2,3
1,199,70,24,2,3
1,184,54,12,1,2
1,1800,59,12,2,2
0,666,51,30,2,5
1,200,47,26,2,6
0,300,32,16,2,2
1,285.54,55,20,2,2
1,420,30,28,2,4
1,2231.194,28,9,1,2
1,360,57,17,1,2
1,991.991,36,18,2,4
1,79.00002,57,24,2,4
0,1395,17,22,2,4
1,600,78,26,2,2
1,1228,33,18,2,3
1,1092.771,63,34,2,2
1,321,72,18,2,2
1,651,41,30,2,5
1,1401,45,18,2,4
1,450,53,20,1,3
1,177,28,10,2,5
1,315,34,20,2,3
0,600,41,30,2,4
0,589.355,42,14,2,4
1,250,52,15,1,1
0,61.00002,45,26,2,6
0,445,21,11,0,2
1,2740,45,6,1,3
1,1618,39,42,2,4
1,184,48,93,3,5
0,300,60,10,1,2
1,1800,57,27,3,3
1,6949,59,22,2,2
1,1890.816,48,38,2,4
1,4683.965,64,20,2,3
0,920,21,12,0,1
1,844,40,14,1,3
1,926,39,11,1,1
1,757,50,21,1,4
1,2650,71,17,1,1
1,158.02,53,30,2,2
1,2400,24,15,1,3
1,42,38,40,2,6
1,885.111,61,18,2,3
0,1180,21,12,0,1
1,1380,63,16,2,4
0,450,60,8,1,2
1,1199,29,10,2,2
0,927,34,22,2,4
1,1091.767,31,36,2,4
1,1346.155,32,14,2,2
1,641.107,32,42,2,5
1,3326.518,47,69,3,5
0,942,20,11,0,1
1,946.077,51,18,3,5
1,2971,34,66,3,5
1,721,40,34,2,5
1,313,34,32,2,4
1,1920,36,18,2,4
1,4150,64,18,2,2
1,1450,51,32,2,5
1,1440,60,56,2,6
1,3926.558,63,14,2,4
1,1160.733,46,42,2,5
1,623,48,18,1,3
1,1500,60,120,3,3
1,539,29,3,1,4
1,405,46,38,2,5
1,2122,33,18,2,2
1,2158,35,32,2,2
1,2140.189,49,20,1,1
1,230.572,39,44,2,3
1,900,69,26,2,2
1,300,50,26,2,5
1,1200,55,64,4,5
1,200,58,54,2,3
1,399,45,72,3,6
1,724.669,26,24,1,4
1,1876,67,21,3,4
1,293,18,80,4,7
1,119,18,16,2,6
1,707,30,24,2,3
1,3728,32,9,1,4
0,120,30,19,0,6
1,2238.489,31,11,1,3
1,245.549,41,34,2,4
1,500,28,38,2,4
1,950,56,105,3,3
1,738.238,51,24,2,3
1,99,37,48,3,6
0,439,46,7,1,5
1,2342,35,50,2,4
1,765,60,60,3,4
1,1050,66,26,2,2
1,523,57,16,2,3
1,79.99998,44,16,1,5
1,1590,28,30,2,4
0,480,34,26,2,4
1,78,63,60,3,3
1,150,33,58,2,4
1,1020,73,34,2,2
1,2446,42,44,2,5
1,629,52,42,2,6
1,180,40,40,2,4
1,212,66,120,4,4
0,1466.178,59,28,2,3
1,650.326,46,33,1,1
0,318,20,12,0,1
1,693,29,40,2,4
1,840,47,20,1,4
1,2950,29,22,2,2
1,481,26,8,1,1
1,450,45,34,2,6
1,408,48,182,7,5
1,917,62,10,2,2
1,218,67,6,1,2
1,1975,59,24,3,4
1,460,42,14,1,2
0,350,26,17,0,2
1,4822,47,56,2,5
0,120,17,14,2,4
1,337.751,52,32,2,5
1,3170.595,47,22,2,4
1,417.388,36,40,2,3
0,644,16,18,0,13
1,715,30,64,4,5
0,720,64,14,1,3
1,288,66,28,2,2
1,390,53,78,2,3
1,1300,57,44,4,5
0,400,66,20,2,5
0,400,35,22,1,7
1,1200,64,80,4,2
1,1258,67,26,2,4
0,1140,16,11,1,10
1,1340,42,30,2,4
0,360,81,16,0,2
1,2950,49,18,2,2
1,1512.333,39,20,2,5
0,980,31,19,1,6
1,187,50,24,2,5
1,1389,45,52,2,4
1,743.291,60,30,3,2
0,620,32,13,0,6
1,245,72,15,1,2
1,1292.967,43,36,2,4
1,187,62,13,1,3
1,607,21,40,2,7
1,716.333,56,42,2,2
1,150,65,90,3,3
1,1305,57,9,1,1
1,960,71,8,1,2
1,900,48,32,2,3
0,360,26,18,0,4
0,277,28,12,0,4
0,600,23,6,0,3
1,1061.337,32,20,2,4
1,2070,57,12,2,4
1,1189.662,18,24,2,6
1,1629,60,11,1,1
1,1260,22,10,1,2
1,214,40,16,2,5
1,610,64,13,1,2
1,2100,27,24,3,3
1,540,44,6,2,9
1,1140,48,32,2,3
1,585.078,40,24,2,5
1,1438,25,6,2,4
1,237.008,41,30,2,6
1,1367,18,21,3,4
1,1029,31,24,2,2
0,58.99998,48,22,2,4
1,1600,33,80,4,4
1,809,31,13,1,2
1,200,30,15,1,1
1,1050,65,12,2,3
1,900,60,22,2,2
1,1600,70,16,2,2
1,780,58,32,2,2
1,850,62,12,2,2
1,1320.272,44,24,2,5
0,300,50,17,1,6
1,2812,55,8,1,2
1,760.944,57,22,1,1
1,340,44,12,1,2
1,636,52,66,2,4
1,2122,33,18,2,2
0,300,53,20,2,4
1,1809.167,49,16,1,3
1,2627,58,20,1,2
0,322.1,22,52,4,4
1,379,41,13,1,3
1,285,34,16,2,4
1,621,40,36,2,4
1,898,25,27,3,4
1,330.994,30,30,2,4
1,1138,34,20,1,3
0,400,23,10,0,1
0,100,43,10,1,6
1,360,17,32,2,3
1,328.107,58,30,2,3
1,200,70,24,2,2
1,1936.07,43,15,1,2
1,892.255,44,28,2,4
1,5493.018,49,54,2,3
1,203,39,32,2,7
1,1350,38,30,2,7
0,352,16,3,1,5
1,60,75,14,1,2
1,350,58,28,2,3
1,273,48,182,7,5
1,585,58,30,2,2
1,200,50,6,1,6
1,233,71,36,2,2
1,600,59,11,1,1
1,979.0001,45,22,2,5
1,2045,42,30,2,2
1,1750,41,22,2,6
0,280,21,10,1,2
1,444,41,18,2,5
1,1800,43,42,2,4
1,338,52,32,2,3
1,339,47,12,3,4
1,2400,38,8,2,4
1,780,48,11,1,4
0,950,43,17,0,9
1,780,47,40,2,5
1,2076.964,26,27,3,6
1,200,31,41,1,5
0,900,48,21,0,7
1,980,41,44,2,5
1,1517.621,35,34,2,4
1,382.059,67,16,2,2
1,3174,58,42,3,3
1,1662,57,22,2,2
1,2396.846,48,48,2,1
0,452,28,6,1,1
0,81,25,12,1,2
1,722.205,26,40,4,4
1,1750,36,18,2,4
0,131.887,48,7,1,2
1,1387.235,33,32,2,3
1,1137.02,33,16,2,3
0,816,27,7,0,2
1,171,53,78,2,3
0,450,19,7,1,9
1,694,45,38,2,2
1,1321.331,56,30,2,2
0,200,51,12,1,4
1,540,47,58,2,5
1,660,18,18,3,4
1,715,43,24,2,5
1,2700,25,14,2,4
1,549.203,60,38,2,2
1,480,31,50,2,5
1,480,34,18,2,3
1,635,83,10,2,2
0,40.00002,69,9,0,2
1,1446.391,28,18,2,2
1,1150,56,105,3,3
1,3200,55,4,1,2
0,850,40,8,1,8
1,255,25,54,0,1
1,2763.367,62,36,3,4
1,1595,70,22,2,2
1,320,33,40,2,4
1,1154,56,54,3,3
1,3200,31,24,2,5
1,2175,28,6,1,1
1,797,30,12,1,2
0,1115,51,24,2,4
1,992,27,120,3,4
1,1380,29,3,1,2
1,560,37,30,2,4
0,1424,71,12,1,2
1,299.752,39,44,2,3
1,1050,24,12,3,4
1,1472.566,80,45,3,2
0,471,25,20,0,3
1,1512.138,43,24,2,6
0,129,63,12,1,2
1,676,44,30,2,4
0,689,16,20,2,6
0,3352,49,24,2,4
0,675,32,22,1,6
1,1297.898,25,22,2,4
1,3382,62,6,2,2
1,524.836,52,30,2,4
0,275,25,13,0,1
1,3914,22,12,2,5
1,300,42,16,1,5
1,850,46,18,2,3
0,720,32,18,0,6
1,682,31,13,1,3
1,1222,41,50,2,5
1,2442,52,26,2,3
1,420,35,17,1,4
1,960,60,40,2,3
1,4167.308,31,63,3,4
1,361.106,64,35,1,2
1,106,40,16,1,6
1,480,40,19,1,4
1,240,42,34,2,4
1,1020,37,30,2,4
1,347.587,44,19,1,2
1,264,80,7,1,2
1,1000,63,30,2,2
1,1550,52,24,3,5
1,603,28,18,1,4
0,528,38,38,2,4
1,1784,73,26,1,2
1,1164.966,56,17,1,2
0,320,27,16,1,4
1,589.407,38,28,2,4
1,828,45,10,2,3
1,2160,16,14,2,5
0,190,30,15,0,2
1,519,72,32,1,2
1,1280,70,29,1,2
1,220,51,36,4,5
1,554,31,16,2,4
1,2040,46,56,4,4
1,145,45,36,3,4
1,262,28,30,5,6
1,272,46,36,2,4
1,259.973,57,14,2,5
1,1072.488,55,62,2,2
0,260,72,6,0,2
0,401.552,58,54,3,2
1,1116,56,13,1,2
1,278,73,42,3,3
1,1550,23,24,4,5
1,1820,28,50,5,7
1,1518,40,16,2,5
1,333.95,22,44,2,2
1,531.778,31,28,2,3
1,2303,59,14,2,2
0,1377,72,9,1,2
0,900,55,10,2,3
1,1136.742,39,32,2,5
0,300,16,10,2,4
1,537.539,47,28,2,3
1,3519.149,25,27,3,4
1,5979,66,46,2,3
1,4865,76,22,2,2
1,1360,54,38,2,4
1,522.902,65,28,2,2
1,3600,52,6,2,4
1,2000.415,40,28,2,5
1,380,67,19,1,2
1,100,48,22,2,4
1,190.008,37,17,1,5
0,1036,54,20,2,6
1,1282,44,16,2,4
1,3720,61,10,0,3
1,1009,36,8,2,2
1,2913.034,43,20,2,4
0,159,60,19,0,3
0,60,31,16,1,4
1,571,46,28,2,5
1,2040,30,20,2,3
1,540,49,36,2,4
1,902.513,33,20,2,2
1,287,38,57,1,7
1,725,23,39,3,5
1,609,36,36,2,6
1,1214.445,46,40,2,5
1,7331,63,28,1,2
0,129.721,26,31,1,2
0,180,35,20,1,4
1,1339.576,17,32,2,5
0,600,18,12,2,5
1,485,37,33,1,4
1,1200,38,29,1,1
1,178.901,34,20,1,4
0,550,79,14,1,3
1,576,24,18,3,4
1,2857,26,18,2,3
1,311,47,38,2,5
1,540,26,16,2,2
1,2460,26,5,1,1
0,1420,72,12,0,1
1,673.647,24,32,2,3
1,1641,22,24,3,4
1,5100,25,57,3,4
0,440,51,17,0,8
1,360,39,29,1,7
1,5974,47,24,2,4
1,180,39,16,2,4
1,889.063,52,14,1,5
0,300,21,5,0,3
1,1900,44,32,2,6
1,589,53,30,2,3
1,660,50,16,1,4
0,797,19,6,0,1
1,922.245,45,15,1,2
1,540,55,52,2,4
0,207.394,36,38,2,4
1,596.55498,46,42,2,5
0,300,40,11,1,6
0,7.00002,45,51,3,6
1,2651.44,46,40,2,5
1,1500,40,30,3,4
1,1800,31,6,2,2
0,300,38,23,1,7
1,950,66,16,1,1
1,240,33,58,2,6
1,1840,30,40,1,5
1,660,37,74,2,7
1,217,49,18,2,5
0,300,45,11,1,3
1,1469,55,68,4,3
1,3420,75,8,1,2
0,139,40,16,0,10
1,1984.856,58,12,1,2
1,1860,34,40,2,5
1,650,50,15,1,3
1,376.258,20,17,1,1
1,309,48,24,2,3
0,300,28,12,1,3
1,1577.817,54,31,1,4
1,230,32,50,2,3
0,529,22,3,0,2
1,1275.212,29,48,4,5
0,776.961,30,12,0,2
1,893,63,11,1,3
1,500,21,33,3,5
0,620,68,21,1,2
1,406.932,24,17,1,1
1,2041,55,39,3,3
1,465,48,12,2,2
1,1800,51,25,1,5
1,238,33,24,2,5
0,460,56,16,1,2
1,1396,50,32,2,5
1,381,47,32,2,4
0,240,33,24,2,4
1,311.682,31,26,2,3
1,600,37,44,2,5
0,492,47,60,3,2
1,1941,56,38,2,4
1,291,30,23,1,3
1,273.733,43,20,2,3
1,1154,27,5,0,1
0,240,24,20,0,6
1,960,40,11,1,2
0,300,33,18,1,5
1,235,46,24,3,6
1,1380,70,12,3,3
1,5520,32,12,1,4
1,742,62,88,4,5
1,720,72,28,1,2
1,450,30,66,3,4
1,2871,45,30,2,3
1,2281,47,63,3,4
1,157,26,11,1,4
1,1320,69,24,2,2
1,240,39,22,1,7
1,720,43,42,2,5
0,230,81,11,0,1
1,1037.12,59,46,2,3
1,263,44,12,1,3
1,360,18,48,4,5
0,316.293,44,24,1,4
1,4450,36,18,2,4
1,227,17,84,3,6
1,360,40,33,1,5
1,2700,53,33,3,4
1,240,34,16,2,6
1,1234,24,16,1,1
1,1484,41,16,2,4
1,559.286,32,14,1,3
1,34350,70,18,3,3
1,3451,39,26,2,3
1,2800,65,15,1,2
1,472,68,18,3,4
1,2008,69,8,1,2
1,960,34,12,1,4
1,211,52,58,2,4
1,930.156,43,26,2,4
1,324,68,34,2,2
1,1268,40,30,2,5
1,4121,35,14,2,3
0,578,65,26,2,2
1,1777,35,26,2,4
1,2061,46,45,3,5
1,1140,36,32,2,5
0,300,33,11,1,2
1,502,64,26,2,2
1,720,62,26,2,2
1,346,34,21,3,6
1,163.274,67,12,1,2
1,421,45,52,2,5
1,457.438,40,25,1,4
1,1200,45,38,2,5
1,480,30,21,1,4
1,680,61,26,2,2
1,2076,38,17,1,2
1,1320,28,16,2,2
1,468.651,32,108,3,3
1,200,77,4,1,2
1,355,52,16,2,3
1,1560,33,11,1,3
0,1000,79,17,1,2
1,2460,29,60,4,8
1,360,35,34,2,5
1,1700,57,46,2,4
0,780,21,10,2,2
0,300,69,8,1,2
1,1791,41,22,2,5
1,2406,45,32,2,4
0,750,73,8,0,2
1,1840,49,8,2,5
0,266,36,10,1,1
1,153.518,65,14,2,2
1,585,62,36,3,4
1,300,49,32,2,3
1,540,25,8,2,2
1,640,31,22,1,4
1,426.691,40,21,1,3
1,540,52,28,4,5
1,1060,55,22,2,3
1,440,36,33,1,6
1,351,72,30,2,2
1,181,39,36,2,5
0,1950,65,20,2,2
0,240,39,13,1,4
1,895,64,13,1,1
1,300,24,11,1,3
1,1710.598,65,32,2,2
1,863.407,31,20,2,2
0,732.775,47,32,2,5
1,1499.932,41,42,2,4
1,386.998,44,8,2,3
1,1282.109,32,42,2,4
0,674,35,11,0,12
1,490.181,49,29,1,4
0,185,50,12,1,1
0,600,71,12,0,2
1,602.759,61,33,3,2
1,399,49,27,3,4
1,1799.775,51,26,2,6
0,403,22,45,3,4
1,962.392,42,45,3,5
1,394.003,39,15,1,7
1,240,48,38,2,5
1,777.576,36,34,2,7
0,400,50,8,0,2
0,60.87,27,40,2,4
1,441.4,29,54,2,4
0,180,44,40,2,4
0,43.00002,58,10,1,2
1,362,55,5,1,2
0,313,70,8,1,5
1,1703,35,19,1,6
1,270,40,22,1,4
1,474,63,18,2,1
1,384,60,30,3,6
0,2020,17,6,2,6
1,275,56,44,2,4
1,168.131,27,13,1,5
1,200,38,20,1,7
1,867,49,36,3,3
0,1250,60,11,1,3
0,350,41,21,0,11
1,1967,55,45,3,5
1,100,78,22,1,2
1,1384,67,16,2,2
0,1889,63,4,0,5
0,600,73,13,0,1
1,554,67,17,1,2
1,1819,38,32,2,6
0,520,36,24,1,6
0,600,39,20,1,3
1,1010,34,32,2,4
1,1000,67,165,5,3
0,225,25,14,0,4
1,645,34,24,1,4
1,1264,35,18,2,3
1,454,51,32,2,3
1,557.297,53,27,3,2
1,1160,76,7,1,2
0,240,38,40,2,6
1,480,38,40,2,6
1,2160,46,41,1,5
0,300,26,13,1,2
1,262.593,42,56,2,4
0,1000,69,13,1,1
1,1600,18,15,3,6
1,452.99,29,5,1,3
1,770,69,8,1,2
1,240,53,5,1,2
1,1034,64,42,3,4
1,4415,29,15,1,3
0,340,41,24,0,4
1,543,72,44,2,2
1,466,45,36,3,4
0,150,34,13,0,9
1,375,18,80,4,7
1,890,53,57,3,7
1,1920,26,75,3,6
1,60,30,25,1,5
1,1565,24,65,5,5
1,434,54,90,3,5
0,300,36,3,0,2
1,1895,36,21,1,3
1,1035,59,68,2,4
0,626,16,17,1,3
1,780,34,12,2,2
1,300,52,51,3,4
0,2700,46,22,2,4
0,2161,45,48,2,5
1,566,24,36,4,7
1,540,59,7,1,2
1,1480,40,50,2,5
1,1767,70,14,1,2
1,290,18,32,2,5
0,254.916,31,12,1,2
1,269,26,17,1,2
1,639,70,24,1,3
1,1301.253,32,14,2,3
1,725.408,56,17,1,2
1,447,52,12,2,3
1,1058,32,36,2,5
0,300,25,8,1,3
0,1080,39,16,1,6
1,360,70,18,2,2
1,1165,38,36,2,5
0,457,34,28,2,4
1,1800,62,4,0,2
1,1230.386,40,21,1,3
1,2160,50,30,3,5
1,650,52,30,2,5
1,1242,61,192,6,2
0,600,19,4,1,6
1,420,35,20,2,10
1,254,31,64,4,4
0,1212,37,13,1,4
1,1200,25,6,1,3
1,868,32,5,1,2
0,180,42,20,1,5
1,1342,40,60,2,6
1,296,36,16,4,6
1,477.193,49,24,2,2
1,4260,23,45,3,4
1,1572,49,17,1,5
1,929,54,50,5,5
1,1260,43,10,2,4
1,420,42,16,1,7
1,421,45,18,2,5
1,2755,25,4,1,3
1,342,62,92,2,2
1,2560,33,30,2,5
1,327,33,28,2,4
1,1423,33,26,2,2
1,256,54,36,2,5
1,69,38,8,1,1
0,144,35,16,1,3
0,551,62,10,2,2
0,500,70,20,1,1
1,1351.281,59,26,2,2
1,291,78,6,1,2
1,240,33,22,2,3
1,345.93,30,32,2,2
0,837.153,30,21,1,5
1,7.99998,46,15,1,2
1,1657,43,38,2,5
1,1292,48,24,2,3
1,1800,32,6,2,6
0,1260,55,16,1,4
1,271,71,7,1,2
0,900,17,6,2,4
1,1102,61,7,1,2
0,658,18,15,3,4
1,400,77,42,2,2
0,120,31,22,1,5
1,960,43,76,2,5
1,10856,43,18,2,4
1,180,33,10,1,1
1,2457,32,36,2,3
1,923,55,28,2,5
1,1066,48,18,2,4
1,497,38,16,1,3
1,360,68,28,2,2
0,300,49,32,4,8
1,245.373,52,57,3,3
1,480,68,33,3,3
1,671.736,33,62,2,4
0,708.06,50,48,2,2
1,254,37,12,1,5
1,420,56,18,2,4
0,246.037,26,14,1,5
1,422.795,28,15,1,3
1,2521,51,72,4,3
0,634,22,8,0,1
1,720,29,28,2,6
1,1641.357,62,19,1,1
1,420,53,14,2,4
1,475,65,38,2,2
0,122,29,11,0,3
1,429,82,10,1,2
1,366,50,45,3,5
0,850,73,38,2,2
1,122,48,182,7,5
1,5775,21,30,2,2
1,550,46,57,3,3
0,1100,81,7,0,1
0,771.047,29,10,1,2
1,698,57,10,1,6
1,514,41,19,1,5
0,253,26,24,3,3
1,3972,43,50,2,5
1,2177,22,42,3,4
1,1550,44,22,2,4
1,1497.104,31,36,2,3
1,720,41,12,1,5
1,951.851,45,60,3,5
1,500,46,54,3,6
1,286,63,20,2,2
1,6418,38,44,2,4
0,831,46,10,1,4
1,350,28,12,2,5
0,400,82,20,0,2
1,3681.94,53,21,3,4
0,202.891,42,52,2,6
1,82.00002,35,50,2,4
0,377,30,38,2,3
1,3501,27,39,3,3
1,548,44,27,1,7
1,489,41,21,1,5
1,761,33,16,1,2
1,1360,42,24,2,5
1,1564,66,46,2,3
1,969,24,54,3,4
1,2400,71,6,1,2
1,1271.787,23,87,3,6
1,180,43,26,2,4
1,960,38,19,1,4
1,507.471,61,34,2,2
1,1655,27,28,2,2
1,4560,44,26,2,4
0,436,35,52,2,4
0,643,70,6,1,2
0,790,40,11,0,1
1,128.657,42,23,1,4
1,1103,29,12,1,2
1,3660,21,21,3,5
1,1301,21,63,3,3
1,218,45,9,3,7
1,202,56,52,4,3
1,2160,59,28,2,2
1,3098.026,62,18,3,3
1,1134,29,30,2,2
1,5007,72,20,2,2
1,817.223,41,38,2,4
1,263,33,22,2,4
1,300,74,12,1,2
1,2589,64,18,2,2
1,74.99802,41,22,2,5
1,1883,62,26,2,2
0,515,60,30,2,4
1,1500,43,34,2,4
0,800,65,34,2,3
1,1669.097,40,24,2,4
1,540,42,30,2,4
1,226,56,10,1,3
1,600,36,38,2,5
1,760,48,16,1,3
1,988,29,42,2,6
1,2666.881,50,24,2,6
1,1460,60,26,2,2
1,300,43,24,2,5
1,1557,43,57,3,8
0,49.99998,33,32,2,3
1,718,45,34,2,5
0,300,19,21,0,2
1,785.102,23,15,1,1
1,451.993,51,86,2,2
0,306,28,24,2,3
1,3281.015,49,18,1,1
1,954,34,30,1,5
1,2207.226,28,20,2,2
1,1050,39,19,1,4
1,109,27,8,2,2
1,551,65,46,2,2
1,687,59,18,2,2
1,450,33,36,2,2
0,693,35,7,0,3
1,3567.125,61,21,3,4
0,600,22,4,0,3
1,602,66,21,1,4
1,900,60,26,2,2
1,2188.907,44,12,1,1
1,2257,44,9,1,4
0,2397,70,42,3,6
1,269,47,40,2,5
0,195,16,16,2,6
1,1050,54,17,1,1
1,778.199,67,20,2,2
1,2134.411,62,20,2,2
0,1265,16,19,0,4
0,180,82,3,1,2
1,758,67,28,2,2
0,60,27,12,0,4
0,1083,29,24,2,2
1,540,49,60,2,4
0,220.938,22,15,1,2
1,640,43,22,1,5
1,620,67,9,1,2
1,82.27998,46,36,2,4
0,660,60,15,0,1
1,79.99998,41,20,1,5
1,5220,47,36,2,5
1,1192,58,17,1,1
1,1370.336,41,44,4,4
0,273,23,12,0,1
1,500,38,22,2,4
0,297.196,40,40,2,5
1,1550.071,26,33,3,3
1,900,40,4,1,4
1,2700,49,12,2,4
1,450,41,44,2,6
1,218.008,31,30,2,2
0,180,45,20,0,5
1,660,44,46,2,6
0,3014,31,3,1,4
1,553,24,30,2,3
0,60,55,14,1,2
1,952,69,30,2,2
0,600,44,18,2,5
0,985.733,43,26,2,6
1,300,67,44,2,2
0,700,38,23,1,4
1,977,45,34,2,5
0,1147,58,28,2,2
1,1760,31,12,1,2
1,1395,54,28,2,3
0,418.569,20,14,2,5
1,180,60,18,2,3
0,710,30,22,2,2
1,2002.693,22,44,1,1
1,420,43,30,2,6
1,543,49,36,3,3
1,700,47,29,1,6
1,980,38,10,1,1
1,3300,29,36,2,3
1,2041.655,21,36,2,4
1,1140,43,9,1,3
1,497,49,17,1,5
1,359,45,26,2,5
0,727,59,12,1,2
1,300,62,48,3,3
1,292,60,34,2,2
0,364,16,26,2,3
1,4600,43,12,1,7
1,340,30,15,1,5
1,1500,25,24,3,3
1,342,30,18,2,3
1,325.997,41,28,2,5
0,60,46,9,0,1
1,1473.279,23,21,1,2
0,1596,46,9,1,3
1,577,53,56,4,7
1,1200,27,10,2,2
1,180,39,32,2,7
1,264.471,45,44,2,4
1,600,61,21,1,2
1,1162.666,40,96,3,7
1,150,21,22,2,4
1,1500,63,22,2,4
1,19.99998,78,20,2,2
1,685.485,45,16,2,5
1,1548.783,49,40,2,5
0,314,17,10,2,5
0,420,33,12,1,2
1,980,47,10,2,5
0,619,25,10,2,3
1,540,49,48,3,7
0,269,42,22,2,5
0,79.00002,30,32,2,3
1,191,40,34,2,4
1,2507,30,14,1,1
1,360,47,21,1,3
1,571.096,46,75,3,3
0,551.527,22,32,2,4
1,2051.278,27,50,2,3
1,300,43,42,2,4
1,213,33,80,4,4
1,322.263,62,26,2,3
1,300,22,44,4,6
1,1714,39,36,2,5
1,3436,37,22,2,5
1,650,41,13,1,1
1,258.016,38,20,2,5
0,133,30,6,1,4
1,1800,25,8,2,3
0,650,60,11,1,3
1,147,64,10,2,3
0,150,26,27,3,4
1,3229,60,14,2,2
1,1053,43,12,2,4
1,2042,43,16,1,1
1,2320,38,22,2,3
1,2882.255,50,33,3,4
0,250.731,16,39,1,6
1,750,30,17,1,4
1,1920,38,20,1,7
1,1466,29,17,1,6
1,782,67,34,2,2
0,748,41,10,1,4
1,2773,42,18,2,4
1,725,22,14,2,5
0,300,55,9,0,2
1,3958,25,48,4,4
0,606.523,21,17,0,3
1,1646,51,34,2,3
0,368,20,15,1,1
1,1800,43,12,2,4
0,784.222,74,12,2,3
1,2120,42,20,2,5
0,360,21,8,1,3
0,200,36,19,1,3
1,450,65,90,3,3
1,1980,50,20,2,3
1,93,26,8,2,2
1,298.192,38,28,2,5
1,3051,47,94,2,4
1,460,68,98,2,2
1,1080,44,16,1,5
0,278.034,30,39,3,4
1,350,69,44,2,2
1,627.833,62,26,2,3
1,420,66,16,2,2
1,900,40,44,2,5
1,4859.519,54,22,2,4
1,648.825,43,12,1,1
0,150,73,10,0,1
1,457,64,44,4,2
1,545.705,44,34,2,6
0,540,65,8,0,1
1,1310.027,41,12,2,4
1,2100,38,16,2,4
1,540,38,37,1,5
0,1318,29,24,2,2
0,360,33,16,1,6
1,641,42,90,3,7
0,504.151,28,40,2,1
1,1167.53,20,30,2,4
1,1086.163,26,40,4,4
1,122,52,60,3,2
0,240,33,28,2,5
1,2032.481,34,16,1,3
1,800,51,99,3,4
0,300,25,11,1,1
0,900,55,22,2,4
1,1046,35,46,2,4
1,156,39,28,2,5
1,480,75,51,3,6
1,1056,50,18,3,6
1,522,50,40,2,5
1,1025,37,33,1,4
1,1466.94,45,14,1,1
1,1002,75,34,2,2
1,693,63,17,1,2
1,2923.997,29,18,2,2
1,2817,28,12,2,2
0,637,36,19,1,3
1,977,36,16,1,6
1,310.25,50,40,4,5
1,195,48,16,2,4
1,1300,46,20,2,5
1,833,41,15,1,3
0,205,44,45,3,6
1,696.942,41,32,2,5
1,1140,39,44,2,3
1,360,60,46,2,2
1,267.387,32,38,2,3
1,2236,43,24,2,5
1,1299,52,48,4,4
1,2216.149,50,48,2,2
0,120,30,26,2,3
1,4079,37,6,1,6
1,1125.308,55,20,2,4
1,3801,40,34,2,5
1,1390,62,44,2,2
1,3441,61,26,2,2
1,900,40,26,2,4
1,513,61,54,2,3
0,250.54,29,11,0,2
1,1560,34,9,1,1
1,1054,55,14,2,2
1,518,60,16,2,2
0,420.99,42,52,2,6
0,1660,53,21,3,6
1,60,35,22,2,5
0,1840,62,24,2,3
1,169,59,23,1,1
1,729,24,22,2,5
1,1100,29,16,2,2
1,1420,37,22,2,4
1,84,44,17,1,4
0,300,36,5,1,4
1,574,40,24,2,5
1,780,37,28,2,5
1,313,47,40,2,5
1,180,35,38,2,5
1,3180,30,12,2,5
1,772.771,36,78,6,8
1,1400,35,62,0,7
1,804,51,60,3,5
1,1033,28,22,2,5
1,1200,17,36,3,6
1,3120,21,28,4,5
0,168,48,30,2,2
1,150,62,38,2,2
1,527.749,38,66,2,5
1,2360,48,62,2,4
1,1273,36,17,1,4
1,675.952,36,22,2,5
0,720,16,12,1,4
0,105,70,24,2,3
0,300,16,22,1,3
1,600,45,9,1,6
0,150,22,16,0,4
1,720,40,8,1,8
1,381.975,66,80,4,4
1,1461.937,41,44,4,4
1,180,36,11,1,4
1,1211,23,18,1,1
1,91.99998,48,14,2,4
0,204,43,54,2,5
1,2035.456,28,155,5,4
1,1024,28,14,2,3
1,449,51,18,2,3
1,2267,33,24,2,2
1,800,25,16,1,3
1,4657,60,30,2,2
0,137,21,21,1,6
1,2326,61,57,3,3
1,1009,37,16,1,5
0,93,67,13,1,2
1,840,59,38,2,2
1,1801,58,24,2,3
1,476,61,24,3,2
1,750,30,11,1,6
1,3575,48,3,1,4
1,628,43,20,2,5
1,205,45,24,2,5
1,300,22,36,3,5
1,839.96,60,38,2,2
1,2016,44,17,1,4
1,2450,72,36,2,2
1,300,38,40,2,6
0,150,65,11,0,2
1,217.662,22,36,3,4
0,497,20,14,0,1
1,371.01,30,26,2,2
1,780,17,26,2,3
1,2151,60,20,2,2
0,764.979,35,14,1,2
1,329.236,70,8,2,2
1,852,70,8,2,2
0,540,72,11,1,2
0,420,41,54,2,6
0,1312,35,6,1,3
0,608.931,63,16,0,2
0,596,31,13,0,6
1,901.809,53,28,2,3
1,660,32,44,2,7
1,420,25,28,1,4
1,120,35,22,2,4
1,1200,18,16,2,5
1,3067,63,28,1,2
1,866.111,48,11,1,4
0,224.046,48,34,2,3
1,263.367,54,40,2,2
1,60,18,48,4,5
1,462.723,52,50,2,1
1,303,47,56,2,5
1,1404,40,6,1,4
0,720,60,24,2,4
1,801,51,30,2,4
1,2486.173,47,22,2,4
1,1173,36,30,2,4
1,180,64,11,1,2
1,180,34,24,2,5
1,1925.184,45,16,2,5
1,1862.913,68,26,2,2
1,1506.869,58,19,1,3
0,390.201,66,80,4,4
0,300,39,7,1,4
1,1306.443,71,20,2,2
1,300,31,28,2,3
1,1732.11,32,9,1,3
1,2520,31,30,2,2
1,418,30,9,1,3
1,235.309,49,27,3,4
1,549,68,20,1,2
1,660,47,11,1,5
0,240,24,23,0,3
1,860,31,7,1,4
1,3454.512,44,62,2,4
1,395.372,40,16,2,4
0,600,72,22,2,2
1,720,42,34,2,4
1,606,66,28,2,2
1,377,35,52,2,4
1,176,44,60,3,6
1,425,26,112,4,4
1,2326,62,26,1,2
1,630,52,42,3,5
0,272,31,6,2,4
1,492,28,34,1,5
1,190,45,32,1,6
1,1860,42,14,2,3
1,480,50,28,2,3
1,612.631,56,13,1,1
1,1350,39,44,4,6
0,300,59,6,0,2
1,2753,40,54,2,4
1,215,67,44,2,2
1,7190,57,36,3,3
0,540,23,8,1,1
1,965,62,21,3,3
1,621,35,14,1,7
0,300,67,8,1,2
0,769,27,15,0,5
1,420,43,30,2,4
1,510,53,51,3,3
1,4628,58,38,2,2
1,4487.063,50,50,2,6
0,400,64,16,1,2
1,1781.219,55,52,2,4
1,1800,57,27,3,3
1,196.782,37,40,2,7
1,2581,57,30,2,2
1,5440,37,18,2,3
0,474,18,8,0,9
0,897,51,4,1,5
1,2346.437,30,30,2,5
1,1800,34,8,2,2
1,900,62,20,2,2
1,212,56,35,5,7
1,1650,51,18,2,2
1,807,40,30,2,5
0,350,17,32,2,4
1,3280,33,27,1,5
1,256.086,54,46,2,4
1,277,76,10,2,2
0,300,26,17,0,3
1,269,58,52,4,2
0,1252.148,27,7,0,1
1,3548,46,20,2,5
1,1473,49,17,1,5
1,1498,28,6,1,1
1,597.696,49,14,2,3
1,1569,39,26,2,5
1,362,46,76,2,3
0,1000,29,13,0,6
0,120,41,14,2,6
0,195,25,10,0,1
1,840,39,32,2,7
1,1583,56,24,3,3
1,503,66,26,2,2
1,532.564,40,28,1,6
0,444,40,19,0,9
1,758,55,24,3,4
1,1376,44,22,2,5
1,480,44,21,0,5
1,650,66,21,1,4
1,339.729,48,20,2,5
1,400,53,22,2,3
1,3561.466,46,8,1,1
1,2394,38,30,2,7
0,60,35,22,1,7
1,1209,55,16,1,2
1,480,49,16,2,4
1,1166,26,7,1,4
1,360,56,105,3,3
1,2350,48,20,2,4
1,560,61,18,2,2
1,2350.976,45,28,2,5
0,446.324,44,24,1,4
0,120,31,6,0,2
1,357.287,49,20,2,4
1,1800,36,22,2,4
1,600,42,92,4,4
1,337,46,60,2,3
0,79.99998,38,10,0,2
1,900,25,8,2,2
0,500,29,21,0,7
1,446,45,26,2,5
1,457.892,24,78,3,3
0,520.343,24,13,0,1
1,800,45,42,3,6
0,40.00002,38,42,2,4
1,180,43,42,2,5
1,1041,46,36,2,4
0,340,78,10,1,2
1,858,46,16,2,4
0,962.267,61,19,0,2
1,1649,24,36,2,3
1,500,55,51,3,9
0,216,70,14,0,1
1,1860,47,12,2,4
0,482.576,45,9,0,2
1,1320,31,24,3,3
1,1210,39,38,2,4
1,1080,25,39,3,6
1,240,42,48,3,4
1,1621.135,29,10,1,1
1,262,48,6,2,7
1,124,59,18,2,3
1,1989.565,39,105,3,3
0,410,36,11,0,5
0,240,60,14,1,6
1,3540,56,14,2,5
1,200,65,22,2,2
1,728.518,50,52,4,5
1,640,41,17,1,6
1,2142.664,39,22,1,4
1,3004.023,37,46,2,2
1,1721,54,36,2,2
1,239,28,17,1,7
1,1260,60,46,2,2
1,1010,48,23,1,2
1,194,36,26,2,4
1,623,46,16,2,5
1,796,45,32,1,6
1,124.298,82,7,1,1
1,1549.025,56,45,3,3
1,1350,45,18,1,6
1,3960,42,36,2,5
1,2522,26,12,3,4
1,2700,31,6,1,4
1,5400,42,18,2,6
1,300,47,34,2,5
1,900,56,105,3,3
1,541,49,21,1,5
1,595,37,7,1,2
0,660,61,17,1,3
1,842,24,16,2,5
1,2194.262,31,24,2,3
0,400,41,11,0,8
0,1026.07,73,18,2,2
1,300,38,19,1,7
1,517,54,90,3,5
1,488,67,10,1,2
1,300,41,36,2,7
1,150,32,20,2,5
1,434,79,13,1,1
0,163,19,14,1,3
1,625,37,14,2,5
0,300,40,5,1,4
1,213,38,68,2,4
1,1210,61,57,3,3
1,517,39,31,1,3
1,247.105,51,64,4,4
1,1180.26,35,13,1,1
1,334,30,12,2,6
1,1813,32,18,2,2
1,211,67,46,2,2
1,1339.076,34,10,1,2
1,420,41,11,1,5
1,1440,30,12,1,3
1,1224,39,44,2,4
1,604,17,84,3,6
1,1440,65,22,2,2
1,306.088,59,24,3,3
1,3736.566,34,24,2,3
1,4401,57,70,2,2
1,216,69,32,2,2
1,120,37,20,1,2
1,171,38,52,2,5
0,220,83,14,0,2
1,1613.773,37,46,2,4
0,1605,57,24,2,5
1,505,17,84,3,6
1,764,39,7,1,3
0,660,17,20,2,5
0,909,45,28,2,5
1,423.195,64,4,1,1
1,1200,26,9,1,3
1,544,53,36,4,4
1,3240,22,12,2,3
0,500,43,17,0,7
1,1500,62,7,1,3
1,1740,51,16,2,3
1,840,74,20,1,2
1,809.884,51,19,1,4
1,347.007,44,20,2,4
1,360,40,42,3,4
1,400,67,22,2,2
1,450,49,36,2,3
0,357,37,30,2,4
1,225,63,60,2,2
1,1144,42,18,2,5
0,247,64,4,1,3
0,2197,16,14,2,5
1,903,33,12,1,3
1,776.182,32,48,1,5
0,713,32,22,2,3
1,3548,47,56,2,5
1,2115,30,34,2,2
1,528,43,30,2,5
1,712,45,20,2,4
1,2380,32,18,1,5
1,1120.903,58,48,4,4
1,2160,41,74,2,5
1,411,42,18,2,4
1,358.01,23,87,3,6
1,600,42,28,2,8
1,500,69,22,2,2
1,626,38,70,2,9
1,1440,29,21,3,4
1,906,67,34,2,2
1,4020,43,32,2,5
1,558.298,41,68,2,5
1,131,60,34,2,2
1,1800,39,24,2,3
0,420,44,4,1,4
0,500,16,24,2,7
1,3600.769,25,27,3,4
0,300,72,28,2,2
0,300,33,7,1,2
1,2283,42,30,3,7
1,270,32,48,2,4
0,46.99998,20,60,3,3
0,2220,36,8,2,3
1,246.798,46,39,3,5
0,180,24,9,0,4
1,3271,41,32,2,4
1,1208,68,14,2,2
1,516,52,15,3,4
1,240,46,30,2,4
1,2593,67,40,2,2
0,100,45,69,3,2
1,960,58,72,2,2
1,790.441,26,75,3,6
1,680,74,12,1,1
1,314,45,66,2,5
0,480,33,7,1,1
1,120,31,32,2,4
1,291,35,9,3,3
1,2879,37,24,2,3
1,900,34,26,2,2
1,1030.988,29,16,2,5
1,1303,54,12,2,3
0,311.441,57,87,3,6
0,300,28,9,0,4
1,786,25,30,2,5
1,720,43,10,1,5
1,360,17,32,2,5
1,248.14,25,11,1,1
1,3435,50,13,1,3
1,1620,24,12,2,5
1,1582,37,30,3,6
1,286,55,17,1,1
1,350,60,32,2,3
1,1484,36,9,3,6
1,1500,74,18,2,2
1,540,24,18,2,2
1,180,34,32,2,6
1,304,21,14,2,4
1,51,41,10,2,7
1,300,50,24,2,4
1,267.723,43,36,2,5
1,642.179,45,32,2,2
1,330,62,17,1,4
1,271,54,36,3,3
1,128,38,63,3,4
1,547,60,17,1,3
1,1863,45,38,2,1
1,1960,40,26,1,1
1,683,38,26,2,4
1,405,36,34,2,4
0,620,31,29,0,8
0,120,34,12,1,4
1,467,24,18,1,1
0,250,31,98,2,4
1,555.384,52,64,4,6
0,173,51,6,1,1
1,1200,51,152,4,5
1,207.493,64,12,1,1
1,820,53,22,2,4
1,2330,48,6,2,3
1,861.994,23,18,2,2
0,591,52,38,2,3
1,660,37,18,1,6
1,316,26,96,3,5
0,40.00002,60,13,1,2
1,1503.666,35,20,2,5
1,393.167,49,20,1,1
0,300,32,16,0,1
1,60,39,28,2,5
1,1140,59,18,2,5
1,300,45,20,2,5
1,1103.105,65,12,2,2
1,457,31,24,2,2
1,4315,24,42,3,3
1,2464.04892,46,68,2,4
1,4085,24,72,2,3
1,925,63,44,2,2
1,1030,32,16,2,4
1,3000,58,27,3,3
1,2714,42,5,1,4
0,460,33,7,1,7
1,639,47,22,1,4
1,212.14,30,14,1,1
1,2354,42,20,2,4
0,780,20,10,0,2
1,6120,42,66,2,5
1,960,51,30,2,3
1,1206.816,33,25,1,4
1,306.989,29,15,1,2
1,485.715,55,60,3,4
1,997,60,16,2,2
0,537,19,19,1,3
1,430,18,45,3,4
1,400,34,18,1,4
1,300,50,78,2,6
1,723.263,58,44,2,2
1,746,27,8,2,3
1,300,38,30,2,5
1,4582,73,17,1,1
1,3274.268,55,55,5,4
1,100,65,62,2,2
1,2700,39,16,2,4
0,549,43,14,0,10
1,417,23,12,2,4
0,783,36,9,1,3
1,3420,46,60,2,3
1,1450,51,68,4,4
1,60,43,16,1,1
1,599.566,45,15,1,2
1,214,60,15,1,2
1,286,28,16,1,2
1,120,42,33,1,7
1,300,79,20,2,4
1,180,60,46,2,2
0,1920,36,7,1,2
1,628,25,33,3,3
1,432.855,45,12,1,5
1,2399,42,30,2,4
1,264,25,54,0,1
0,501,30,6,0,4
1,1047,47,94,2,4
1,600,48,12,2,4
1,807.601,30,28,2,7
1,1173.63,52,17,1,2
1,834,62,20,2,2
1,2315,87,24,2,2
1,360,51,28,2,4
1,628,54,90,3,5
1,1417.866,35,34,2,4
1,313,62,9,1,3
1,1706,49,48,3,7
1,480,35,8,2,2
1,1589,38,63,3,4
1,219,37,42,2,7
1,1266,45,9,1,3
0,2081,26,7,1,2
0,2400.191,52,15,1,2
1,2520,46,22,2,5
0,423,60,24,1,3
1,2285.023,26,18,2,2
1,2100,40,12,2,6
1,254.372,46,32,2,4
1,1380,45,32,2,2
1,315.117,50,48,2,2
1,180,44,46,2,6
1,1255.685,22,22,2,3
0,850,36,18,2,4
1,588.287,57,40,2,4
1,4197,62,16,2,2
0,540,37,9,0,8
1,1152,35,34,2,5
1,1392,35,42,2,6
1,1566,34,4,1,5
1,967.604,30,12,2,5
1,489,63,50,2,2
1,660,44,27,1,7
1,1028,70,33,3,2
1,517,29,20,2,3
1,1609,43,18,2,4
0,2350,70,24,2,6
1,600,41,50,2,7
1,630.032,51,88,4,4
1,714,52,22,2,3
1,1758,60,56,2,5
1,245.728,42,23,1,1
1,115.005,38,34,2,4
1,1632.113,68,34,2,3
1,2671,60,20,2,2
1,100,33,52,2,4
1,908,36,36,2,6
0,150,18,19,0,9
1,2317,61,44,2,2
1,1850,71,60,2,4
1,393,28,22,2,4
1,1684,63,6,1,2
1,1633.542,51,19,1,4
0,350,37,6,1,2
1,960,35,20,2,10
1,220,50,19,1,5
1,606,22,14,2,5
1,660,61,18,2,2
0,289,44,12,0,2
1,1504.681,55,44,2,5
1,542,28,24,2,3
1,2294.098,46,32,2,4
1,666,74,12,1,2
1,240,34,32,2,4
1,196.867,48,18,2,4
1,240,39,28,1,8
1,288,56,33,3,6
0,300,40,16,1,6
1,1324,23,58,2,3
1,1840,42,13,1,6
1,1560,49,39,3,4
1,965,46,22,1,3
1,240,42,20,2,5
1,400,40,70,2,5
0,454,32,43,0,2
0,3492,25,15,1,2
1,100,38,100,4,6
1,1140,28,51,3,5
0,377,37,5,0,3
0,170,26,9,0,5
0,810,29,50,2,4
1,460,45,33,3,3
1,1799,73,26,1,2
0,84,50,40,2,2
1,1803.225,44,26,2,5
0,1204.122,22,96,2,2
0,186,73,12,2,2
1,676,33,54,3,4
1,1442,52,44,4,4
0,193,69,9,0,2
1,218.662,39,28,2,4
0,240,45,18,1,3
1,116,76,27,1,2
0,350,28,7,0,6
0,420,72,38,2,2
0,898,19,5,1,5
1,180,42,16,2,5
1,3223.258,30,44,2,4
1,278.092,31,36,2,3
1,9360,58,69,3,3
0,780,50,10,1,4
1,780,60,50,2,5
1,1920,54,75,3,5
1,240,48,36,2,3
1,5501,34,66,3,5
1,317,33,40,2,5
1,120,65,17,1,2
1,350,48,34,2,5
1,1800,31,57,3,3
1,940,50,23,1,1
0,442,18,20,0,1
1,100.184,33,14,1,2
0,565,77,12,0,2
1,349,38,30,2,5
0,480,27,15,1,4
0,176,72,18,2,2
1,895.717,64,17,1,4
1,357.887,38,20,1,3
0,327,29,24,2,4
1,504,54,102,3,4
1,400,58,5,1,4
1,1513.374,50,78,3,5
1,602,18,40,4,4
0,460,33,52,2,4
1,1821,70,20,2,2
1,831,56,16,2,2
1,2243,24,15,3,3
1,1145,23,24,2,2
1,578.371,26,33,3,3
0,374,54,36,2,5
0,420,16,10,2,6
1,578,55,51,3,9
1,409,64,26,2,2
0,400,65,10,2,2
1,722,68,26,1,2
1,162,42,10,2,4
1,337,60,21,1,2
0,350.484,40,13,0,4
0,500,39,24,2,4
1,1740,65,20,2,2
0,1680,69,6,0,2
1,450,39,31,1,8
1,595,64,28,2,2
1,650,29,22,1,4
1,15445,45,26,2,5
1,987.0001,67,17,1,1
1,277.276,52,69,3,6
1,430.906,36,28,2,4
1,1828.615,47,20,2,6
1,171.335,35,20,2,4
1,801,77,26,1,2
1,1955.238,49,20,2,4
1,1723.665,26,20,1,1
1,239,43,28,2,4
1,1799.924,22,48,3,3
1,1562.657,28,14,1,1
1,2935,22,24,3,4
1,163,60,42,3,4
1,1764,30,21,3,5
1,414,46,43,1,7
1,420,33,30,2,5
1,900,43,22,2,5
1,1263.676,41,72,2,6
1,1326.922,26,66,3,4
1,375,33,54,2,3
1,1645.827,47,16,2,5
0,522,79,10,1,1
1,1218,24,72,2,3
0,1492,54,6,1,3
1,1932.699,42,40,2,5
1,1588,62,36,3,4
1,180,34,22,2,4
1,4859.519,54,22,2,4
1,960,27,10,1,3
1,2922.915,43,32,1,4
1,400,18,60,3,5
0,410,60,11,0,2
0,600,31,9,1,4
1,805,49,6,1,2
1,207,40,12,2,6
1,1475.066,53,29,1,1
0,170.997,25,15,0,1
1,1686,56,24,2,4
1,285,52,14,1,2
1,187,24,72,2,3
1,344,63,24,2,2
0,308,70,11,0,2
1,864,31,11,1,5
0,166.964,46,54,3,5
0,1200,34,38,2,3
1,789,60,22,2,2
1,100,60,16,2,5
1,1920,82,24,2,2
1,950,52,40,2,4
1,1518,42,66,2,4
1,3120,43,18,2,4
1,233,68,18,3,2
1,1860,44,20,2,5
1,2110.854,43,30,2,4
1,540,39,29,1,5
1,444,49,18,2,5
1,300,55,14,2,2
1,272,50,18,2,4
1,1200,32,13,1,4
1,420,46,34,2,4
0,393,28,10,1,5
1,766,73,16,2,2
1,1456,30,38,2,3
1,1200,27,40,5,7
1,740,56,14,1,2
1,354,66,12,2,3
0,1740,69,8,1,4
1,603,64,20,2,2
1,340,26,22,1,1
0,152,68,26,1,2
1,208,55,16,2,5
1,508,31,16,2,5
1,1192,76,12,2,6
1,589,60,18,2,3
1,634,61,192,6,2
0,227,41,17,0,3
1,820,48,10,2,3
1,100,42,16,1,6
1,600,43,36,2,4
1,122.844,26,40,4,4
1,208.681,24,78,3,3
1,1680,25,14,2,3
1,374,17,84,3,6
1,360,40,24,2,3
1,1100,65,60,2,2
1,1518,27,94,2,2
1,358,61,57,3,3
0,394,35,12,0,1
1,1746,31,50,2,5
1,900,53,22,2,3
1,2343,38,68,2,4
0,380,72,18,1,1
1,1831.749,38,18,2,4
1,840,38,54,2,5
1,1700,55,64,4,5
1,2400,56,36,4,4
1,2922,25,22,2,2
1,200,29,42,2,5
1,210,38,36,2,5
1,352,35,30,2,5
0,350,68,22,1,2
1,1260,64,46,2,2
1,1800,57,12,2,3
1,646,40,44,2,5
0,445,17,11,0,3
1,540,40,30,2,5
1,60,52,42,3,5
0,37764,63,12,1,2
1,550,49,22,2,4
1,140,65,18,1,2
1,1433.573,57,22,2,2
1,1539.517,30,36,2,4
1,369.9,36,26,2,5
1,473,40,14,1,4
0,160,20,7,1,7
0,452,41,20,0,4
1,1441.138,43,30,2,5
1,1913,36,16,2,3
1,607.29,52,10,1,2
1,3875.541,37,30,2,4
1,859,35,17,1,4
1,377,35,30,2,3
1,3344,69,21,3,3
1,420,49,62,2,4
0,240,33,6,0,6
1,1700,46,54,3,4
1,416.489,73,34,2,2
0,249,42,52,2,6
1,1621,46,36,2,5
1,1260,27,10,1,3
0,263,61,20,2,3
1,780,57,18,2,2
0,420,27,12,0,2
1,398,38,18,2,5
1,304.11,45,36,2,6
1,350,29,28,2,4
0,483.725,16,28,2,5
1,2509,31,6,2,3
0,82.00002,17,18,1,2
1,400,47,28,2,4
1,763,69,21,3,3
1,1264.294,39,57,3,5
1,340,42,26,2,6
1,200,43,24,2,5
0,677,17,10,0,9
1,2300,81,26,2,2
1,1200,49,28,2,5
1,1020,62,45,3,6
1,197.13,37,38,2,3
1,1186.356,49,60,2,6
1,1939.585,38,56,2,6
0,1312,34,24,2,3
1,178,37,20,2,4
1,903,46,36,2,4
0,120,75,11,1,2
0,220,37,16,1,3
1,161,34,80,4,7
0,420,64,9,0,3
0,100,42,7,0,10
1,1040,59,22,2,2
1,1020,47,18,2,5
0,185,44,7,0,9
0,177.046,57,21,1,1
1,420,44,44,2,7
0,465,43,27,1,5
1,180,25,12,3,5
1,1291.028,40,22,2,5
1,1860,61,33,3,3
1,968.47,50,39,3,6
1,1364,26,26,2,4
0,500,61,30,2,2
0,534.213,51,38,2,4
1,1332,70,22,2,2
1,1673,54,42,2,2
1,716.83,49,50,2,5
1,720,24,26,2,3
1,508,36,35,1,5
1,1016,69,17,1,2
0,200,79,8,1,2
1,461,58,20,1,2
1,1023,32,36,2,5
1,900,22,44,4,6
1,741,47,20,2,5
1,300,50,39,3,6
1,2158,28,8,1,2
0,1042,54,92,4,8
1,121,45,14,2,5
0,698,67,3,1,1
1,4796.599,49,48,2,2
1,1175.392,48,48,2,1
1,536,69,13,1,1
1,581.597,36,36,2,5
1,1250,49,36,2,3
0,898,40,14,1,5
0,720,85,7,1,1
1,1606,54,72,4,3
1,1102.257,43,28,2,5
1,1020,53,7,1,2
1,118,48,12,1,3
1,1246,67,20,2,2
1,780,74,14,1,2
1,1172.324,57,30,2,2
1,819.232,59,36,3,3
1,2721.629,26,15,1,2
0,420,18,10,2,6
1,568,42,90,2,5
0,200,43,17,0,9
1,315,42,38,2,4
1,253.393,21,36,2,4
1,306.582,50,40,2,2
1,818.455,58,45,3,3
1,168,41,36,2,5
1,1175,59,18,1,1
1,251,25,54,0,1
0,84.00702,27,11,0,2
1,181,49,30,2,5
1,723.138,26,33,3,3
1,695.122,34,40,2,6
1,2273.37,21,56,2,2
1,2320.81,62,38,2,3
1,340.819,39,38,2,4
0,293.864,50,38,2,3
1,686,59,24,3,6
1,20160,36,12,2,3
0,460,41,11,1,3
1,302,48,12,2,4
0,64.99998,61,5,0,2
1,4519,59,60,4,4
1,772,60,16,2,4
0,1675,35,12,1,1
0,169,65,42,2,2
0,883,30,22,2,2
1,3300.263,24,36,3,6
1,1369,45,32,2,5
1,190,40,32,2,7
1,431.404,58,6,1,1
0,235,43,16,1,6
1,660,40,32,2,8
1,150,50,12,2,2
1,950,43,22,1,5
1,500,35,38,2,5
1,940,54,36,2,2
1,2100,23,60,3,6
1,540,49,22,2,4
1,1140,57,6,1,4
1,1924,27,12,3,3
1,260,48,23,1,3
1,2160,27,8,2,3
1,1370.686,62,26,2,3
1,3428,41,18,2,4
1,60,51,24,2,3
1,1086,33,24,2,2
1,220,41,30,2,5
0,500,67,38,2,2
1,540,51,25,1,5
0,361,28,21,1,4
1,440,70,9,1,2
1,2240,48,20,1,5
1,1000,36,11,1,4
1,1792,28,28,2,3
0,138,31,13,0,3
1,1500,42,32,2,5
1,1560,49,27,3,4
1,3480,35,28,2,3
1,957,70,24,2,2
1,864,43,20,2,3
1,1210,48,18,2,5
1,480,51,32,2,4
1,400,66,10,1,2
0,429,57,9,0,3
1,2640,45,36,2,4
1,3177,41,44,2,4
1,1007,45,16,2,6
1,1995,32,16,2,3
0,796.897,38,6,0,5
1,1320,37,16,1,10
1,752,48,93,3,5
1,900,37,44,2,4
1,1400,40,15,1,6
1,496,72,12,2,2
0,300,24,6,1,5
1,117,44,46,2,4
0,215,45,28,2,5
1,1200,82,6,1,2
1,2604,53,14,2,2
1,618,17,32,2,4
0,600,54,10,0,2
1,420,43,39,3,4
0,360,75,36,2,2
1,275,33,18,1,5
1,1261,70,66,2,2
0,641,49,24,2,4
1,1350,46,21,1,2
1,389.546,44,44,2,5
0,720,65,21,3,3
1,385,45,30,2,5
1,900,16,105,7,5
1,641,48,36,2,5
1,720,28,24,3,4
1,259,32,18,2,4
1,225,60,15,1,2
1,450,39,28,2,5
0,410.008,43,28,2,5
1,1471,37,8,2,4
0,450,39,24,2,4
1,450,20,22,2,4
1,761.939,54,48,3,4
1,262.667,55,12,1,3
1,49.99998,47,24,2,4
0,1344,18,48,4,5
1,1145.463,44,24,2,5
0,645,56,15,1,4
0,360,35,10,0,1
1,2400,28,8,1,2
0,2134,46,8,0,4
0,600,32,16,1,6
1,528.983,38,120,3,8
1,429,72,7,1,1
1,824,47,40,2,5
1,224,56,52,4,3
1,1080,51,14,2,5
1,282.347,67,6,1,2
1,1176,29,36,3,3
0,1050,29,6,1,1
1,1597,47,63,3,4
1,1266,60,12,2,4
0,500,60,17,0,2
1,450,61,42,3,4
1,250,60,56,2,2
0,360,34,22,2,4
1,750,50,12,1,3
1,331,42,27,1,6
0,838.562,19,18,2,6
1,600,23,6,2,4
1,479.737,39,26,1,5
1,481,65,72,4,4
1,400,47,18,2,3
1,408,39,28,1,1
1,1800,60,14,2,3
1,803,65,12,2,2
1,509,29,40,2,4
1,91.99998,36,12,1,6
1,699,68,11,1,2
1,2006,55,32,2,3
1,785,35,15,1,3
1,1150,45,11,1,2
1,555.845,50,21,1,1
1,1199.937,64,14,2,3
1,900,46,23,1,1
1,378,41,4,1,1
0,300,23,18,0,4
1,2779,23,24,4,4
0,224,40,40,2,5
0,900,40,11,0,3
1,2610,39,22,2,3
1,1560,47,18,2,4
0,854,55,9,1,2
1,901,71,12,1,2
1,1140,41,20,2,4
1,765.087,43,34,2,5
1,1981,30,40,1,4
0,2626,48,34,2,5
1,4060,33,58,2,6
1,1740,34,6,1,2
1,302,56,52,4,3
0,600,37,5,1,3
1,3499,36,12,2,5
1,185,50,24,2,4
1,265.611,31,16,2,2
1,3300,62,90,2,2
1,1620,48,28,2,4
1,2021,42,28,2,5
1,1955.238,49,20,2,4
0,311,41,17,0,3
1,738,55,34,2,2
1,457.207,21,22,2,3
1,216,54,66,2,3
1,1848.254,18,42,2,5
1,240,26,34,2,4
1,1594,65,36,2,3
0,6240,75,5,1,2
1,1273.72,31,40,2,2
0,637,27,24,1,5
1,498,61,70,2,4
1,823,44,57,3,8
1,595,60,16,2,4
0,473.791,53,11,0,1
0,2432.624,20,16,2,5
1,3129,70,6,1,2
0,1480,16,27,3,4
1,408,41,20,2,6
0,390,26,6,0,1
1,1802,24,36,3,3
0,600,26,88,4,5
1,600,62,5,1,1
1,313,67,46,2,2
1,305.002,59,36,3,3
0,40.00002,42,90,3,7
1,2393.337,54,46,2,4
1,374,46,12,1,3
1,27.68802,51,34,2,4
1,150,32,22,1,6
1,1046,26,13,1,2
1,215,61,24,2,2
0,486,25,12,0,3
1,76.00002,37,38,2,5
1,385,38,20,2,3
1,2185.628,35,34,2,5
1,1200,18,26,2,5
1,600,69,48,1,3
1,1264,51,17,1,2
1,350,34,20,2,3
1,82.00002,55,78,6,2
1,1802,43,30,2,5
1,450,32,10,2,4
1,600,31,17,1,2
1,334,61,192,6,2
0,1400,31,29,0,8
1,1050,50,9,1,2
1,300,42,92,4,4
1,2077,62,24,2,2
1,2483.433,41,24,2,6
1,252,25,16,1,3
1,162.911,34,18,1,5
1,180,32,12,1,4
1,4050.887,57,15,1,2
0,658,37,36,2,5
1,1885,59,27,3,5
0,1345,60,9,1,1
1,1122,58,14,2,5
0,136,63,32,2,2
1,472,31,13,1,3
0,180,46,3,0,2
1,876,73,16,1,2
1,2160,46,20,2,3
1,2400,67,38,2,2
0,60,55,13,0,2
1,977.9999,77,12,2,2
1,1260,58,42,2,4
1,240,43,30,2,4
1,1800,66,32,2,2
0,273,34,15,1,3
0,240,62,13,1,4
1,2004.993,54,28,2,3
1,1680,42,20,1,4
1,840,30,42,2,4
1,334,31,24,2,4
0,642,73,16,2,3
1,485,50,26,2,3
1,1444,40,20,2,6
1,260,47,58,2,5
1,1200,54,18,2,3
1,230,30,10,1,2
1,2053,59,18,2,2
1,2456.929,43,34,2,5
0,741,25,16,1,4
1,660,38,30,2,5
1,622,43,24,2,5
1,1300,56,28,2,3
1,302,72,15,1,2
1,164.833,47,19,1,3
1,685,67,96,4,6
0,600,24,4,0,5
1,266,53,28,2,2
0,600,65,14,1,3
0,780,29,34,2,4
0,120,38,11,1,4
0,1340,58,12,1,5
1,1180,51,19,1,6
1,1100,41,78,2,3
1,3339.132,53,60,3,3
1,1500,75,14,2,2
1,700,30,20,2,5
1,687,27,24,3,3
1,1085,49,27,3,4
1,2612,58,22,2,2
1,760,62,90,2,2
1,129,27,45,3,4
1,550,39,44,4,6
1,284,28,22,2,5
1,603,26,28,2,2
1,188,44,60,3,6
1,540,31,12,1,2
1,460,72,30,2,2
0,350,64,18,2,2
0,878,34,15,1,4
1,120,39,14,2,5
1,1685,81,8,1,1
1,2921,48,80,2,6
0,556.583,49,7,1,3
1,3545,47,14,2,4
1,384.236,53,16,2,3
1,900,47,24,3,5
1,840,52,40,2,4
0,363,53,42,3,4
1,600,31,8,2,3
1,1800,53,36,3,3
1,865,66,12,1,1
1,5400,30,12,2,3
0,162,24,8,0,4
1,960,25,11,1,2
0,579.435,58,24,2,2
1,480,43,38,2,4
1,688,35,18,2,2
1,900,30,16,2,2
1,966,49,60,2,4
0,352,56,28,2,2
1,1440.067,49,10,1,1
1,626,73,10,2,2
1,120,33,30,2,4
0,960,72,36,3,2
0,707,28,12,0,1
1,1163.878,39,10,1,1
1,787,24,15,3,4
0,700,57,28,2,2
1,680.419,55,62,2,2
1,1302.762,44,19,1,2
1,540,57,19,1,2
1,600,30,20,2,4
1,595.533,44,16,1,5
1,198,37,42,2,5
0,1200,17,8,1,5
0,480,62,6,2,5
0,311,72,7,1,3
1,1860,51,42,3,6
1,304.15,40,40,2,4
1,1998.646,30,26,2,4
1,88.812,36,20,1,5
0,548,28,8,0,2
1,1800,64,80,4,2
0,258.164,50,38,2,3
1,3075.14,32,34,2,3
1,229,47,40,2,5
0,383,51,7,1,3
1,900,33,13,1,5
0,60,55,24,2,3
1,620,69,22,2,2
1,674,38,22,2,4
1,336,56,42,2,3
1,571,54,102,3,4
1,335.952,46,44,2,4
1,300,38,12,2,4
1,326,60,20,2,2
1,579,52,40,2,4
1,33908,47,15,3,7
1,480,44,17,1,5
1,490.327,33,17,1,2
0,1200,39,20,2,4
0,47.82102,57,87,3,6
1,320,67,20,1,2
0,1365,28,9,0,2
0,337,30,22,0,7
0,484.452,29,11,0,1
0,360,74,11,0,1
1,1224.165,41,36,2,4
1,1521,26,18,2,2
1,1260,53,42,3,5
1,268,60,32,2,2
1,2999,54,62,2,2
1,578.825,55,48,2,2
1,422.358,34,14,1,2
1,247,57,22,2,4
1,2136,74,48,3,3
1,1050,41,14,1,5
1,300,31,25,1,6
1,550,75,64,4,6
1,586.02,30,38,2,5
1,372.791,41,34,2,4
1,3600,32,6,1,2
1,108.079,46,44,2,4
1,2016,26,42,2,2
1,420,37,26,2,5
1,900,26,24,3,3
1,514.077,22,96,2,2
0,1425.486,20,42,3,3
1,1216,48,13,1,4
0,721,53,5,1,1
1,130,48,30,3,6
1,269,40,28,2,4
1,720,30,42,2,4
1,1455,63,9,1,3
1,2090,32,28,2,5
1,329,43,15,3,5
1,780,35,14,1,3
1,1650,59,20,2,2
1,2100,39,6,2,5
1,549,35,13,1,5
1,928.974,41,32,2,5
1,3238,41,20,2,5
1,1800,44,16,2,4
1,603,40,20,2,6
1,583,46,27,3,4
1,694.861,53,10,1,1
0,200,55,18,1,2
1,299,28,45,3,4
1,1140,58,11,1,2
0,1440,27,16,1,2
1,958,70,11,1,1
0,722,25,10,0,2
0,85.99998,36,28,2,5
1,666,42,22,2,6
1,1661.556,49,72,2,4
1,3699,61,44,2,2
0,153,36,12,2,4
1,183,62,57,3,3
1,650,52,8,2,2
1,668,46,16,2,5
1,1646.943,44,62,2,4
0,227,59,8,1,1
1,624,17,84,4,4
1,360,46,12,2,4
1,500,44,16,1,7
1,121,70,38,2,2
1,556.308,25,22,2,4
1,1814,57,27,1,2
1,720,78,10,1,1
0,371,50,16,1,4
1,340.104,27,23,1,4
1,4735,40,74,2,5
1,600,30,65,5,7
1,600,30,42,2,4
0,300,54,42,3,3
1,96,56,48,2,4
1,181,28,58,2,4
0,660,20,20,2,4
0,127,45,48,2,5
1,4690,61,24,2,2
1,586,58,6,2,2
1,42,31,48,2,3
1,3120,43,18,2,4
1,375,33,54,2,3
1,104,48,22,2,4
1,300,27,44,2,5
1,360,71,9,1,2
1,1783.654,36,36,2,4
1,4960,27,14,1,3
1,600,47,40,2,5
1,600,40,36,2,5
0,840,16,12,1,4
1,1139,32,48,2,2
1,900,42,12,2,2
1,1900,35,62,0,7
1,598,62,36,2,2
1,540,33,52,2,4
1,252.988,37,44,2,4
0,750,21,13,0,2
1,1000,28,9,1,3
1,720,56,33,3,3
1,318,63,27,3,2
1,1814,45,32,2,4
1,1432,30,22,2,3
0,363,60,24,1,3
1,665.788,37,33,1,6
0,601,26,30,2,2
1,989,40,23,1,4
0,335,33,36,2,4
1,1166,47,30,2,4
1,420,23,13,1,1
0,136,70,14,0,1
1,368.692,53,80,2,3
1,2600,52,51,3,4
1,5314,22,28,4,5
1,1497,59,33,3,3
1,1448.942,18,42,2,5
0,139,59,33,3,4
0,416.979,47,30,2,3
1,40.00002,37,13,1,4
1,483,66,30,2,2
1,472.382,45,66,2,5
1,598,57,56,2,2
1,2310,63,30,2,2
0,360,70,14,2,4
1,1950,23,18,2,4
1,1011,65,32,2,2
1,266,36,54,2,6
1,247.816,35,24,2,4
0,182,35,24,2,4
1,387,31,11,1,5
1,180,36,36,2,4
1,439,41,16,2,4
0,120,26,33,1,6
1,646.082,37,46,2,2
1,586,51,7,1,4
1,49.99998,44,33,3,5
1,513.72,36,18,1,1
1,301,36,28,2,5
1,11072.9,50,20,2,5
1,2210.641,51,42,2,6
0,1095,37,7,1,3
1,950,21,10,1,6
1,350,39,56,2,6
1,172,23,45,5,5
1,4168,37,14,2,4
1,1684,42,4,1,4
0,380,32,5,0,1
1,97.99998,60,16,1,3
1,2918.732,44,16,2,5
1,841,45,26,2,6
1,635,42,38,2,4
1,361.33,65,34,2,3
0,256.02,49,40,2,4
1,4304,70,20,1,2
0,276,39,30,2,4
0,1280,19,17,0,11
0,107,48,20,1,3
0,433,48,34,2,5
1,1606,48,10,2,4
1,249,61,18,3,3
1,516,42,44,2,5
0,120,60,14,1,6
1,237,27,10,2,6
0,658,17,18,2,3
1,418.441,48,24,1,2
0,1570,32,3,0,3
0,703,25,17,0,4
1,4606,36,15,1,2
0,290.146,34,17,1,4
1,459,45,32,1,6
1,840,42,36,2,4
0,228,47,12,1,1
1,2580,27,18,3,3
1,1618,27,15,3,2
0,769,26,8,1,2
0,180,30,25,0,6
0,550,27,18,0,4
1,2303,40,22,2,4
1,3480,19,26,2,6
1,2300,39,44,2,5
0,376.242,35,12,1,4
1,1250,25,22,2,3
1,1200,27,40,5,7
0,420.518,33,22,2,4
1,176,73,16,4,6
1,1235.25,38,28,2,4
1,566.929,40,40,2,4
1,900,72,36,2,2
1,1223,24,22,2,5
1,240,22,51,3,4
1,1805.067,48,38,2,4
1,1990.131,33,16,2,3
1,598.373,18,33,3,4
1,1826,40,12,1,6
1,1089,24,28,2,3
1,2275,53,24,2,5
1,500,67,38,2,2
0,1040.236,24,32,2,3
1,884,37,40,2,4
1,1200,50,26,2,3
1,509.263,35,28,2,2
0,508.221,57,18,2,4
1,715,70,26,2,2
1,1956.034,20,33,3,6
1,1784,72,20,2,2
1,2432,58,32,2,2
1,2226,42,18,2,5
1,163,30,18,2,4
1,750,51,34,2,4
1,793,60,28,2,2
1,3714.2,55,22,2,2
1,793.859,56,36,2,4
0,180,29,11,0,6
0,200,35,21,0,6
1,540,42,8,1,4
1,416.653,32,28,2,4
0,380,57,30,2,2
1,250,70,72,3,3
1,600,52,32,2,5
0,617,59,14,1,2
1,3362,48,10,2,3
1,7306,48,80,2,6
1,395,54,36,2,2
1,2343.922,38,20,2,4
1,269.801,27,40,2,4
1,6602,33,13,1,3
1,78.96498,49,40,2,5
1,410,28,18,1,1
1,60,37,12,2,6
1,160,51,36,4,5
1,2700,30,24,2,3
1,557.975,43,36,1,4
0,120,25,16,1,3
1,389,41,26,2,5
1,204,65,72,4,4
1,480,34,28,2,4
1,607.619,32,20,2,3
1,572.702,35,28,2,4
0,600,60,56,2,2
1,458.617,58,28,2,2
1,1500,53,24,2,5
1,548,59,68,2,4
1,200,35,21,1,1
1,343,57,8,1,1
0,19.99998,16,16,0,11
1,1800,80,18,2,2
1,1220.474,53,39,3,4
1,600,38,32,2,3
1,200,40,13,1,4
0,360,35,6,0,8
0,718.011,32,30,1,5
1,1329,26,112,4,4
1,920,74,11,1,1
1,480,42,26,2,4
0,639,26,15,1,2
0,420,48,22,2,6
1,650,60,19,1,2
0,550,39,22,0,12
0,600,66,10,2,2
1,435,64,8,1,1
1,1101,33,9,1,4
0,300,39,26,2,5
1,627,75,28,2,2
1,2271,45,11,1,1
1,1200,35,62,2,5
0,941,16,14,2,5
1,830.791,33,25,1,4
1,365,42,52,2,4
